date,price
2004-01-02,111.180
2004-01-05,111.880
2004-01-06,114.990
2004-01-07,114.240
2004-01-08,114.140
2004-01-09,113.190
2004-01-12,114.150
2004-01-13,113.630
2004-01-14,113.100
2004-01-15,111.830
2004-01-16,108.870
2004-01-17,109.350
2004-01-18,109.370
2004-01-19,109.700
2004-01-20,108.820
2004-01-21,109.730
2004-01-29,109.650
2004-01-30,108.090
2004-02-02,107.910
2004-02-03,107.020
2004-02-04,107.100
2004-02-05,107.280
2004-02-06,107.060
2004-02-09,108.400
2004-02-10,109.210
2004-02-11,108.960
2004-02-12,109.610
2004-02-13,109.880
2004-02-16,109.480
2004-02-17,110.050
2004-02-18,110.700
2004-02-19,109.650
2004-02-20,109.390
2004-02-23,107.530
2004-02-24,107.800
2004-02-25,108.340
2004-02-26,107.330
2004-02-27,106.940
2004-03-01,106.890
2004-03-02,106.950
2004-03-03,105.000
2004-03-04,105.600
2004-03-05,106.000
2004-03-08,106.900
2004-03-09,107.470
2004-03-10,106.920
2004-03-11,106.810
2004-03-12,107.050
2004-03-15,106.490
2004-03-16,106.800
2004-03-17,107.180
2004-03-18,108.110
2004-03-19,109.000
2004-03-22,109.470
2004-03-23,110.900
2004-03-24,111.000
2004-03-25,110.590
2004-03-26,110.600
2004-03-29,111.380
2004-03-30,111.260
2004-03-31,112.210
2004-04-01,112.880
2004-04-02,113.150
2004-04-05,112.000
2004-04-06,111.050
2004-04-07,112.090
2004-04-08,112.780
2004-04-09,112.630
2004-04-12,112.630
2004-04-13,112.000
2004-04-14,109.460
2004-04-15,107.900
2004-04-16,108.370
2004-04-19,109.210
2004-04-20,107.970
2004-04-21,106.440
2004-04-22,105.960
2004-04-23,106.240
2004-04-26,106.030
2004-04-27,106.980
2004-04-28,107.000
2004-04-29,103.420
2004-04-30,104.540
2004-05-08,103.250
2004-05-09,103.250
2004-05-10,101.870
2004-05-11,102.340
2004-05-12,102.280
2004-05-13,101.520
2004-05-14,100.990
2004-05-17,102.290
2004-05-18,102.050
2004-05-19,102.100
2004-05-20,102.150
2004-05-21,102.420
2004-05-24,102.590
2004-05-25,103.180
2004-05-26,103.970
2004-05-27,104.520
2004-05-28,105.580
2004-05-31,105.130
2004-06-01,105.500
2004-06-02,105.180
2004-06-03,104.230
2004-06-04,103.870
2004-06-07,105.290
2004-06-08,105.180
2004-06-09,103.890
2004-06-10,103.670
2004-06-11,103.080
2004-06-14,102.330
2004-06-15,102.390
2004-06-16,103.620
2004-06-17,102.870
2004-06-18,103.000
2004-06-21,104.600
2004-06-22,104.490
2004-06-23,105.090
2004-06-24,104.820
2004-06-25,106.380
2004-06-28,106.290
2004-06-29,105.790
2004-06-30,104.710
2004-07-01,104.960
2004-07-02,105.200
2004-07-05,106.000
2004-07-06,106.180
2004-07-07,105.870
2004-07-08,106.150
2004-07-09,107.470
2004-07-12,108.010
2004-07-13,107.250
2004-07-14,107.490
2004-07-15,107.430
2004-07-16,107.410
2004-07-19,108.090
2004-07-20,108.080
2004-07-21,107.270
2004-07-22,106.670
2004-07-23,105.700
2004-07-26,104.850
2004-07-27,104.920
2004-07-28,104.030
2004-07-29,104.640
2004-07-30,104.160
2004-08-02,104.980
2004-08-03,104.500
2004-08-04,104.860
2004-08-05,105.180
2004-08-06,104.860
2004-08-09,105.950
2004-08-10,106.000
2004-08-11,105.800
2004-08-12,105.450
2004-08-13,105.130
2004-08-16,106.440
2004-08-17,106.950
2004-08-18,107.010
2004-08-19,107.300
2004-08-20,107.800
2004-08-23,108.550
2004-08-24,107.870
2004-08-25,107.440
2004-08-26,107.900
2004-08-27,108.150
2004-08-30,107.650
2004-08-31,108.230
2004-09-01,108.680
2004-09-02,108.590
2004-09-03,108.260
2004-09-06,107.550
2004-09-07,107.330
2004-09-08,106.580
2004-09-09,107.180
2004-09-10,107.140
2004-09-13,107.100
2004-09-14,107.700
2004-09-15,107.610
2004-09-16,107.710
2004-09-17,107.620
2004-09-20,107.810
2004-09-21,107.790
2004-09-22,108.490
2004-09-23,108.370
2004-09-24,108.740
2004-09-27,108.500
2004-09-28,108.840
2004-09-29,109.140
2004-09-30,108.680
2004-10-08,110.400
2004-10-09,110.400
2004-10-10,110.400
2004-10-11,111.360
2004-10-12,111.300
2004-10-13,110.230
2004-10-14,110.250
2004-10-15,110.940
2004-10-18,111.000
2004-10-19,110.570
2004-10-20,111.450
2004-10-21,112.550
2004-10-22,112.350
2004-10-25,113.000
2004-10-26,113.000
2004-10-27,113.000
2004-10-28,112.750
2004-10-29,113.200
2004-11-01,113.500
2004-11-02,113.270
2004-11-03,112.250
2004-11-04,113.950
2004-11-05,113.760
2004-11-08,114.850
2004-11-09,114.840
2004-11-10,115.600
2004-11-11,115.500
2004-11-12,115.570
2004-11-15,116.650
2004-11-16,116.090
2004-11-17,117.000
2004-11-18,118.310
2004-11-19,117.950
2004-11-22,118.630
2004-11-23,118.760
2004-11-24,119.400
2004-11-25,119.900
2004-11-26,120.780
2004-11-29,120.000
2004-11-30,120.500
2004-12-01,120.600
2004-12-02,121.400
2004-12-03,120.140
2004-12-06,120.820
2004-12-07,120.780
2004-12-08,119.500
2004-12-09,117.580
2004-12-10,116.410
2004-12-13,116.420
2004-12-14,117.550
2004-12-15,117.170
2004-12-16,118.900
2004-12-17,117.440
2004-12-20,117.500
2004-12-21,117.970
2004-12-22,117.900
2004-12-23,118.090
2004-12-24,118.050
2004-12-27,118.110
2004-12-28,118.360
2004-12-29,118.420
2004-12-30,116.810
2004-12-31,118.080
2005-01-04,114.870
2005-01-05,114.640
2005-01-06,114.390
2005-01-07,113.190
2005-01-10,112.700
2005-01-11,113.000
2005-01-12,113.290
2005-01-13,114.170
2005-01-14,113.670
2005-01-17,113.300
2005-01-18,113.420
2005-01-19,113.380
2005-01-20,113.250
2005-01-21,113.200
2005-01-24,114.200
2005-01-25,114.000
2005-01-26,113.160
2005-01-27,113.670
2005-01-28,113.560
2005-01-31,113.320
2005-02-01,113.130
2005-02-02,112.860
2005-02-03,112.820
2005-02-04,111.840
2005-02-16,113.040
2005-02-17,113.230
2005-02-18,113.800
2005-02-21,113.900
2005-02-22,114.760
2005-02-23,115.840
2005-02-24,115.940
2005-02-25,115.600
2005-02-28,116.450
2005-03-01,116.190
2005-03-02,115.640
2005-03-03,116.220
2005-03-04,115.880
2005-03-07,116.290
2005-03-08,116.680
2005-03-09,117.300
2005-03-10,117.790
2005-03-11,117.640
2005-03-14,117.940
2005-03-15,117.990
2005-03-16,117.780
2005-03-17,118.300
2005-03-18,117.730
2005-03-21,117.460
2005-03-22,116.550
2005-03-23,116.500
2005-03-24,116.540
2005-03-25,115.450
2005-03-28,115.120
2005-03-29,115.040
2005-03-30,114.450
2005-03-31,114.080
2005-04-01,114.800
2005-04-04,114.320
2005-04-05,113.610
2005-04-06,114.200
2005-04-07,114.660
2005-04-08,114.260
2005-04-11,114.590
2005-04-12,115.030
2005-04-13,114.800
2005-04-14,114.660
2005-04-15,113.790
2005-04-18,114.000
2005-04-19,114.470
2005-04-20,115.370
2005-04-21,115.490
2005-04-22,115.620
2005-04-25,115.540
2005-04-26,115.730
2005-04-27,115.600
2005-04-28,115.090
2005-04-29,115.200
2005-05-09,113.860
2005-05-10,114.000
2005-05-11,114.290
2005-05-12,113.860
2005-05-13,113.050
2005-05-16,112.180
2005-05-17,112.230
2005-05-18,112.390
2005-05-19,112.750
2005-05-20,112.460
2005-05-23,111.520
2005-05-24,111.660
2005-05-25,111.840
2005-05-26,111.850
2005-05-27,111.850
2005-05-30,111.610
2005-05-31,111.260
2005-06-01,111.250
2005-06-02,111.270
2005-06-03,112.350
2005-06-06,112.770
2005-06-07,113.290
2005-06-08,113.000
2005-06-09,112.750
2005-06-10,112.740
2005-06-13,112.870
2005-06-14,113.190
2005-06-15,113.200
2005-06-16,113.670
2005-06-17,115.100
2005-06-20,115.800
2005-06-21,114.880
2005-06-22,115.770
2005-06-23,115.640
2005-06-24,116.310
2005-06-27,116.090
2005-06-28,115.860
2005-06-29,114.950
2005-06-30,115.450
2005-07-01,115.380
2005-07-04,113.910
2005-07-05,113.720
2005-07-06,113.400
2005-07-07,113.630
2005-07-08,113.340
2005-07-11,113.540
2005-07-12,114.000
2005-07-13,113.830
2005-07-14,113.740
2005-07-15,112.490
2005-07-18,112.760
2005-07-19,112.380
2005-07-20,112.370
2005-07-21,112.970
2005-07-22,111.830
2005-07-25,111.490
2005-07-26,111.210
2005-07-27,110.530
2005-07-28,111.180
2005-07-29,111.670
2005-08-01,112.370
2005-08-02,112.530
2005-08-03,112.300
2005-08-04,113.150
2005-08-05,113.110
2005-08-08,113.150
2005-08-09,112.950
2005-08-10,113.100
2005-08-11,113.780
2005-08-12,115.050
2005-08-15,114.540
2005-08-16,114.350
2005-08-17,114.800
2005-08-18,114.000
2005-08-19,114.320
2005-08-22,114.150
2005-08-23,114.470
2005-08-24,114.010
2005-08-25,114.390
2005-08-26,114.370
2005-08-29,114.740
2005-08-30,114.000
2005-08-31,113.400
2005-09-01,113.720
2005-09-02,114.700
2005-09-05,115.400
2005-09-06,115.010
2005-09-07,115.560
2005-09-08,115.400
2005-09-09,115.990
2005-09-12,116.100
2005-09-13,115.860
2005-09-14,115.900
2005-09-15,116.350
2005-09-16,117.690
2005-09-19,118.090
2005-09-20,120.070
2005-09-21,120.600
2005-09-22,122.330
2005-09-23,120.830
2005-09-26,119.900
2005-09-27,120.750
2005-09-28,120.260
2005-09-29,121.800
2005-09-30,121.840
2005-10-10,123.000
2005-10-11,123.090
2005-10-12,123.680
2005-10-13,123.080
2005-10-14,122.690
2005-10-17,122.650
2005-10-18,123.060
2005-10-19,122.200
2005-10-20,121.110
2005-10-21,120.600
2005-10-24,120.600
2005-10-25,121.040
2005-10-26,122.820
2005-10-27,122.980
2005-10-28,122.710
2005-10-31,122.410
2005-11-01,121.380
2005-11-02,120.550
2005-11-03,121.240
2005-11-04,120.330
2005-11-07,119.600
2005-11-08,119.250
2005-11-09,120.600
2005-11-10,121.290
2005-11-11,121.000
2005-11-14,122.150
2005-11-15,121.510
2005-11-16,122.150
2005-11-17,123.250
2005-11-18,125.340
2005-11-21,125.820
2005-11-22,127.080
2005-11-23,127.280
2005-11-24,127.870
2005-11-25,128.460
2005-11-28,129.000
2005-11-29,129.500
2005-11-30,129.000
2005-12-01,128.850
2005-12-02,130.380
2005-12-05,131.990
2005-12-06,131.900
2005-12-07,133.390
2005-12-08,134.790
2005-12-09,136.300
2005-12-12,139.450
2005-12-13,136.190
2005-12-14,133.880
2005-12-15,131.650
2005-12-16,129.630
2005-12-19,132.380
2005-12-20,132.000
2005-12-21,128.610
2005-12-22,129.340
2005-12-23,131.230
2005-12-26,131.730
2005-12-27,132.210
2005-12-28,132.810
2005-12-29,134.170
2005-12-30,133.550
2006-01-04,138.210
2006-01-05,137.890
2006-01-06,136.810
2006-01-09,140.440
2006-01-10,140.940
2006-01-11,141.070
2006-01-12,141.850
2006-01-13,141.600
2006-01-16,143.650
2006-01-17,144.340
2006-01-18,141.990
2006-01-19,143.160
2006-01-20,143.860
2006-01-23,144.050
2006-01-24,144.000
2006-01-25,143.950
2006-02-06,147.800
2006-02-07,147.820
2006-02-08,142.550
2006-02-09,144.590
2006-02-10,145.190
2006-02-13,141.910
2006-02-14,139.620
2006-02-15,141.850
2006-02-16,142.000
2006-02-17,141.440
2006-02-20,143.680
2006-02-21,143.500
2006-02-22,143.610
2006-02-23,143.150
2006-02-24,143.280
2006-02-27,143.760
2006-02-28,143.440
2006-03-01,144.770
2006-03-02,145.550
2006-03-03,146.690
2006-03-06,146.800
2006-03-07,144.850
2006-03-08,143.220
2006-03-09,141.850
2006-03-10,141.750
2006-03-13,141.450
2006-03-14,141.650
2006-03-15,142.620
2006-03-16,142.520
2006-03-17,143.450
2006-03-20,144.000
2006-03-21,142.950
2006-03-22,142.800
2006-03-23,141.870
2006-03-24,142.050
2006-03-27,144.770
2006-03-28,145.700
2006-03-29,144.980
2006-03-30,147.790
2006-03-31,150.400
2006-04-03,150.390
2006-04-04,151.100
2006-04-05,150.400
2006-04-06,152.590
2006-04-07,153.130
2006-04-10,153.300
2006-04-11,155.050
2006-04-12,154.150
2006-04-13,153.550
2006-04-14,154.740
2006-04-17,156.320
2006-04-18,158.770
2006-04-19,160.690
2006-04-20,165.690
2006-04-21,159.360
2006-04-24,162.740
2006-04-25,162.000
2006-04-26,163.000
2006-04-27,164.400
2006-04-28,164.390
2006-05-08,175.670
2006-05-09,174.190
2006-05-10,181.150
2006-05-11,183.240
2006-05-12,185.530
2006-05-15,184.450
2006-05-16,175.150
2006-05-17,181.800
2006-05-18,177.400
2006-05-19,177.370
2006-05-22,166.670
2006-05-23,170.000
2006-05-24,172.270
2006-05-25,167.690
2006-05-26,168.490
2006-05-29,167.810
2006-05-30,168.830
2006-05-31,168.830
2006-06-01,163.670
2006-06-02,162.030
2006-06-05,165.390
2006-06-06,164.200
2006-06-07,161.500
2006-06-08,160.320
2006-06-09,157.410
2006-06-12,155.670
2006-06-13,152.900
2006-06-14,144.940
2006-06-15,147.700
2006-06-16,150.690
2006-06-19,147.690
2006-06-20,146.100
2006-06-21,149.250
2006-06-22,153.150
2006-06-23,150.300
2006-06-26,151.350
2006-06-27,151.690
2006-06-28,150.000
2006-06-29,149.690
2006-06-30,154.020
2006-07-03,159.190
2006-07-04,159.720
2006-07-05,160.500
2006-07-06,160.720
2006-07-07,162.300
2006-07-10,161.690
2006-07-11,160.900
2006-07-12,164.390
2006-07-13,166.850
2006-07-14,169.050
2006-07-17,173.550
2006-07-18,167.610
2006-07-19,161.370
2006-07-20,164.530
2006-07-21,161.260
2006-07-24,158.960
2006-07-25,160.570
2006-07-26,159.730
2006-07-27,161.850
2006-07-28,162.510
2006-07-31,163.100
2006-08-01,162.770
2006-08-02,166.090
2006-08-03,166.450
2006-08-04,165.450
2006-08-07,166.800
2006-08-08,165.820
2006-08-09,164.610
2006-08-10,167.300
2006-08-11,164.880
2006-08-14,162.040
2006-08-15,161.530
2006-08-16,161.320
2006-08-17,162.400
2006-08-18,158.080
2006-08-21,160.000
2006-08-22,161.040
2006-08-23,160.150
2006-08-24,159.970
2006-08-25,160.350
2006-08-28,159.780
2006-08-29,158.260
2006-08-30,157.790
2006-08-31,159.150
2006-09-01,160.480
2006-09-04,160.570
2006-09-05,161.170
2006-09-06,162.400
2006-09-07,162.700
2006-09-08,158.710
2006-09-11,152.690
2006-09-12,153.010
2006-09-13,150.000
2006-09-14,151.990
2006-09-15,148.880
2006-09-18,149.360
2006-09-19,150.100
2006-09-20,148.400
2006-09-21,148.570
2006-09-22,149.790
2006-09-25,150.380
2006-09-26,150.500
2006-09-27,151.400
2006-09-28,152.850
2006-09-29,153.510
2006-10-09,148.060
2006-10-10,148.030
2006-10-11,146.090
2006-10-12,147.070
2006-10-13,147.540
2006-10-16,150.380
2006-10-17,151.300
2006-10-18,150.410
2006-10-19,150.090
2006-10-20,152.750
2006-10-23,150.340
2006-10-24,148.000
2006-10-25,148.450
2006-10-26,150.740
2006-10-27,150.270
2006-10-30,152.180
2006-10-31,152.100
2006-11-01,153.470
2006-11-02,155.290
2006-11-03,157.420
2006-11-06,158.680
2006-11-07,158.250
2006-11-08,158.540
2006-11-09,156.750
2006-11-10,159.870
2006-11-13,159.440
2006-11-14,157.970
2006-11-15,158.100
2006-11-16,158.300
2006-11-17,156.880
2006-11-20,157.870
2006-11-21,158.000
2006-11-22,159.000
2006-11-23,158.990
2006-11-24,159.450
2006-11-27,161.000
2006-11-28,161.500
2006-11-29,161.400
2006-11-30,160.900
2006-12-01,162.760
2006-12-04,163.110
2006-12-05,162.500
2006-12-06,161.100
2006-12-07,158.970
2006-12-08,159.680
2006-12-11,158.360
2006-12-12,159.290
2006-12-13,158.690
2006-12-14,158.570
2006-12-15,160.110
2006-12-18,156.040
2006-12-19,155.730
2006-12-20,156.790
2006-12-21,155.000
2006-12-22,156.420
2006-12-25,156.590
2006-12-26,157.900
2006-12-27,157.380
2006-12-28,157.720
2006-12-29,159.340
2007-01-04,158.580
2007-01-05,156.940
2007-01-08,153.720
2007-01-09,154.450
2007-01-10,154.340
2007-01-11,153.860
2007-01-12,154.230
2007-01-15,156.920
2007-01-16,156.800
2007-01-17,156.480
2007-01-18,157.800
2007-01-19,157.480
2007-01-22,158.660
2007-01-23,158.820
2007-01-24,160.410
2007-01-25,161.280
2007-01-26,161.310
2007-01-29,161.510
2007-01-30,160.690
2007-01-31,161.220
2007-02-01,162.650
2007-02-02,163.310
2007-02-05,161.650
2007-02-06,162.190
2007-02-07,163.480
2007-02-08,162.580
2007-02-09,164.030
2007-02-12,165.560
2007-02-13,165.170
2007-02-14,166.140
2007-02-15,166.590
2007-02-16,166.210
2007-02-26,170.700
2007-02-27,170.300
2007-02-28,167.250
2007-03-01,167.900
2007-03-02,164.810
2007-03-05,159.600
2007-03-06,161.190
2007-03-07,160.800
2007-03-08,163.100
2007-03-09,163.000
2007-03-12,162.770
2007-03-13,162.280
2007-03-14,160.280
2007-03-15,161.090
2007-03-16,161.720
2007-03-19,163.440
2007-03-20,163.020
2007-03-21,164.090
2007-03-22,165.150
2007-03-23,164.500
2007-03-26,164.150
2007-03-27,165.220
2007-03-28,165.500
2007-03-29,165.270
2007-03-30,165.360
2007-04-02,165.270
2007-04-03,165.390
2007-04-04,166.450
2007-04-05,167.190
2007-04-06,167.500
2007-04-09,166.980
2007-04-10,168.120
2007-04-11,168.380
2007-04-12,168.840
2007-04-13,168.290
2007-04-16,170.320
2007-04-17,170.820
2007-04-18,171.790
2007-04-19,170.080
2007-04-20,170.570
2007-04-23,171.720
2007-04-24,171.850
2007-04-25,170.610
2007-04-26,170.630
2007-04-27,167.630
2007-04-30,168.230
2007-05-08,170.030
2007-05-09,170.090
2007-05-10,168.510
2007-05-11,165.790
2007-05-14,166.400
2007-05-15,166.000
2007-05-16,166.600
2007-05-17,164.450
2007-05-18,162.660
2007-05-21,163.580
2007-05-22,163.740
2007-05-23,162.870
2007-05-24,163.140
2007-05-25,161.410
2007-05-28,161.790
2007-05-29,161.820
2007-05-30,161.550
2007-05-31,162.160
2007-06-01,163.250
2007-06-04,164.870
2007-06-05,165.400
2007-06-06,165.030
2007-06-07,165.030
2007-06-08,162.390
2007-06-11,161.130
2007-06-12,160.820
2007-06-13,159.000
2007-06-14,160.200
2007-06-15,160.180
2007-06-18,161.900
2007-06-19,161.350
2007-06-20,162.000
2007-06-21,161.130
2007-06-22,160.460
2007-06-25,160.130
2007-06-26,159.760
2007-06-27,157.270
2007-06-28,158.460
2007-06-29,158.800
2007-07-02,159.300
2007-07-03,161.030
2007-07-04,160.290
2007-07-05,160.330
2007-07-06,158.830
2007-07-09,160.320
2007-07-10,161.070
2007-07-11,162.190
2007-07-12,161.360
2007-07-13,162.090
2007-07-16,162.320
2007-07-17,162.240
2007-07-18,162.750
2007-07-19,163.580
2007-07-20,164.580
2007-07-23,165.790
2007-07-24,165.860
2007-07-25,164.920
2007-07-26,164.560
2007-07-27,161.630
2007-07-30,161.790
2007-07-31,162.210
2007-08-01,160.970
2007-08-02,161.940
2007-08-03,162.270
2007-08-06,163.650
2007-08-07,163.050
2007-08-08,163.300
2007-08-09,163.900
2007-08-10,162.100
2007-08-13,163.290
2007-08-14,163.330
2007-08-15,162.740
2007-08-16,162.720
2007-08-17,159.590
2007-08-20,160.960
2007-08-21,161.010
2007-08-22,161.100
2007-08-23,161.950
2007-08-24,161.100
2007-08-27,162.420
2007-08-28,162.270
2007-08-29,161.800
2007-08-30,161.680
2007-08-31,162.030
2007-09-03,163.250
2007-09-04,163.500
2007-09-05,164.980
2007-09-06,165.800
2007-09-07,167.820
2007-09-10,170.030
2007-09-11,170.180
2007-09-12,172.160
2007-09-13,171.260
2007-09-14,170.890
2007-09-17,172.180
2007-09-18,173.420
2007-09-19,175.310
2007-09-20,175.480
2007-09-21,178.120
2007-09-24,177.940
2007-09-25,176.280
2007-09-26,177.800
2007-09-27,176.710
2007-09-28,178.200
2007-10-08,178.420
2007-10-09,177.640
2007-10-10,178.800
2007-10-11,179.700
2007-10-12,180.500
2007-10-15,182.800
2007-10-16,185.320
2007-10-17,183.000
2007-10-18,184.000
2007-10-19,185.850
2007-10-22,183.910
2007-10-23,183.540
2007-10-24,182.610
2007-10-25,183.980
2007-10-26,186.990
2007-10-29,190.020
2007-10-30,188.780
2007-10-31,188.680
2007-11-01,190.820
2007-11-02,189.970
2007-11-05,193.140
2007-11-06,195.290
2007-11-07,199.960
2007-11-08,199.430
2007-11-09,199.950
2007-11-12,195.600
2007-11-13,193.930
2007-11-14,193.130
2007-11-15,195.270
2007-11-16,190.690
2007-11-19,189.690
2007-11-20,189.400
2007-11-21,193.600
2007-11-22,192.500
2007-11-23,193.620
2007-11-26,196.750
2007-11-27,196.440
2007-11-28,193.200
2007-11-29,192.000
2007-11-30,190.230
2007-12-03,188.810
2007-12-04,189.700
2007-12-05,191.930
2007-12-06,189.890
2007-12-07,190.640
2007-12-10,190.240
2007-12-11,192.310
2007-12-12,191.250
2007-12-13,192.000
2007-12-14,190.500
2007-12-17,189.100
2007-12-18,189.420
2007-12-19,191.110
2007-12-20,190.000
2007-12-21,190.500
2007-12-24,192.160
2007-12-25,192.270
2007-12-26,193.040
2007-12-27,193.800
2007-12-28,195.030
2008-01-02,196.460
2008-01-03,200.800
2008-01-04,202.500
2008-01-07,200.260
2008-01-08,203.900
2008-01-09,208.830
2008-01-10,205.600
2008-01-11,208.400
2008-01-14,211.180
2008-01-15,212.340
2008-01-16,206.720
2008-01-17,206.980
2008-01-18,205.250
2008-01-21,205.760
2008-01-22,200.400
2008-01-23,207.330
2008-01-24,207.250
2008-01-25,211.850
2008-01-28,213.090
2008-01-29,214.300
2008-01-30,214.000
2008-01-31,213.980
2008-02-01,213.980
2008-02-04,210.110
2008-02-05,208.970
2008-02-13,208.200
2008-02-14,210.870
2008-02-15,210.450
2008-02-18,209.330
2008-02-19,210.160
2008-02-20,213.350
2008-02-21,216.490
2008-02-22,217.180
2008-02-25,217.890
2008-02-26,214.800
2008-02-27,219.800
2008-02-28,218.490
2008-02-29,221.350
2008-03-03,224.890
2008-03-04,224.510
2008-03-05,220.900
2008-03-06,225.730
2008-03-07,225.000
2008-03-10,224.010
2008-03-11,222.380
2008-03-12,223.000
2008-03-13,225.200
2008-03-14,226.900
2008-03-17,233.590
2008-03-18,228.780
2008-03-19,226.000
2008-03-20,213.650
2008-03-21,209.950
2008-03-24,206.900
2008-03-25,210.340
2008-03-26,212.210
2008-03-27,214.640
2008-03-28,213.310
2008-03-31,212.000
2008-04-01,205.000
2008-04-02,200.990
2008-04-03,203.390
2008-04-07,205.750
2008-04-08,207.150
2008-04-09,204.860
2008-04-10,208.990
2008-04-11,208.090
2008-04-14,207.300
2008-04-15,210.190
2008-04-16,209.000
2008-04-17,212.470
2008-04-18,212.340
2008-04-21,207.290
2008-04-22,206.020
2008-04-23,206.750
2008-04-24,203.710
2008-04-25,200.320
2008-04-28,202.020
2008-04-29,200.000
2008-04-30,198.130
2008-05-05,194.980
2008-05-06,196.800
2008-05-07,196.460
2008-05-08,194.910
2008-05-09,199.000
2008-05-12,198.000
2008-05-13,197.340
2008-05-14,195.300
2008-05-15,195.700
2008-05-16,198.300
2008-05-19,203.400
2008-05-20,203.710
2008-05-21,205.640
2008-05-22,208.060
2008-05-23,205.590
2008-05-26,206.790
2008-05-27,206.690
2008-05-28,203.070
2008-05-29,200.300
2008-05-30,195.790
2008-06-02,197.640
2008-06-03,199.600
2008-06-04,196.100
2008-06-05,196.790
2008-06-06,196.650
2008-06-10,197.490
2008-06-11,195.260
2008-06-12,193.800
2008-06-13,193.800
2008-06-16,193.620
2008-06-17,196.340
2008-06-18,196.390
2008-06-19,197.260
2008-06-20,199.300
2008-06-23,199.930
2008-06-24,195.950
2008-06-25,196.150
2008-06-26,196.290
2008-06-27,201.500
2008-06-30,204.590
2008-07-01,204.190
2008-07-02,207.590
2008-07-03,207.980
2008-07-04,206.220
2008-07-07,203.300
2008-07-08,205.130
2008-07-09,203.320
2008-07-10,204.290
2008-07-11,207.420
2008-07-14,211.290
2008-07-15,213.090
2008-07-16,213.030
2008-07-17,211.270
2008-07-18,211.490
2008-07-21,211.100
2008-07-22,213.010
2008-07-23,206.790
2008-07-24,203.900
2008-07-25,204.900
2008-07-28,204.430
2008-07-29,204.870
2008-07-30,201.610
2008-07-31,201.000
2008-08-01,200.700
2008-08-04,201.600
2008-08-05,196.400
2008-08-06,195.800
2008-08-07,195.580
2008-08-08,191.500
2008-08-11,189.880
2008-08-12,180.000
2008-08-13,182.840
2008-08-14,184.260
2008-08-15,175.500
2008-08-18,178.060
2008-08-19,174.000
2008-08-20,179.990
2008-08-21,180.940
2008-08-22,184.040
2008-08-25,181.190
2008-08-26,180.880
2008-08-27,182.580
2008-08-28,183.780
2008-08-29,183.980
2008-09-01,183.800
2008-09-02,178.280
2008-09-03,176.300
2008-09-04,178.710
2008-09-05,176.900
2008-09-08,179.890
2008-09-09,176.590
2008-09-10,171.680
2008-09-11,167.360
2008-09-12,167.870
2008-09-16,171.450
2008-09-17,173.990
2008-09-18,191.190
2008-09-19,185.070
2008-09-22,191.290
2008-09-23,193.980
2008-09-24,194.400
2008-09-25,195.700
2008-09-26,192.750
2008-10-06,183.180
2008-10-07,191.300
2008-10-08,196.280
2008-10-09,194.310
2008-10-10,202.390
2008-10-13,189.670
2008-10-14,186.790
2008-10-15,186.970
2008-10-16,184.250
2008-10-17,179.040
2008-10-20,178.490
2008-10-21,175.000
2008-10-22,169.000
2008-10-23,162.900
2008-10-24,160.810
2008-10-27,162.870
2008-10-28,167.030
2008-10-29,167.560
2008-10-30,171.060
2008-10-31,164.000
2008-11-03,165.800
2008-11-04,164.820
2008-11-05,167.500
2008-11-06,165.510
2008-11-07,165.520
2008-11-10,167.900
2008-11-11,167.180
2008-11-12,165.640
2008-11-13,161.790
2008-11-14,164.440
2008-11-17,166.000
2008-11-18,165.430
2008-11-19,165.600
2008-11-20,166.000
2008-11-21,167.660
2008-11-24,173.500
2008-11-25,178.490
2008-11-26,178.800
2008-11-27,178.800
2008-11-28,179.010
2008-12-01,178.390
2008-12-02,170.760
2008-12-03,173.540
2008-12-04,171.560
2008-12-05,173.120
2008-12-08,172.300
2008-12-09,173.610
2008-12-10,175.000
2008-12-11,180.530
2008-12-12,178.490
2008-12-15,182.010
2008-12-16,183.800
2008-12-17,186.000
2008-12-18,188.830
2008-12-19,187.150
2008-12-22,186.010
2008-12-23,187.170
2008-12-24,185.300
2008-12-25,186.600
2008-12-26,187.200
2008-12-29,194.800
2008-12-30,192.690
2008-12-31,190.650
2009-01-05,192.020
2009-01-06,187.670
2009-01-07,189.770
2009-01-08,187.500
2009-01-09,189.690
2009-01-12,188.590
2009-01-13,181.810
2009-01-14,182.990
2009-01-15,180.330
2009-01-16,182.470
2009-01-19,185.200
2009-01-20,182.950
2009-01-21,187.570
2009-01-22,187.800
2009-01-23,188.490
2009-02-02,199.750
2009-02-03,198.090
2009-02-04,197.530
2009-02-05,199.000
2009-02-06,201.200
2009-02-09,198.870
2009-02-10,196.960
2009-02-11,200.720
2009-02-12,206.580
2009-02-13,206.800
2009-02-16,206.490
2009-02-17,211.100
2009-02-18,213.650
2009-02-19,214.220
2009-02-20,214.990
2009-02-23,216.620
2009-02-24,217.150
2009-02-25,210.400
2009-02-26,209.890
2009-02-27,207.510
2009-03-02,209.980
2009-03-03,203.420
2009-03-04,201.480
2009-03-05,201.430
2009-03-06,207.300
2009-03-09,205.590
2009-03-10,201.800
2009-03-11,198.040
2009-03-12,201.560
2009-03-13,203.370
2009-03-16,203.990
2009-03-17,202.500
2009-03-18,200.400
2009-03-19,204.850
2009-03-20,210.000
2009-03-23,210.320
2009-03-24,206.490
2009-03-25,204.090
2009-03-26,205.470
2009-03-27,204.910
2009-03-30,203.690
2009-03-31,202.560
2009-04-01,202.100
2009-04-02,202.880
2009-04-03,199.700
2009-04-07,193.990
2009-04-08,195.660
2009-04-09,194.580
2009-04-10,194.750
2009-04-13,196.050
2009-04-14,197.590
2009-04-15,196.200
2009-04-16,196.590
2009-04-17,192.660
2009-04-20,191.910
2009-04-21,196.030
2009-04-22,195.420
2009-04-23,196.370
2009-04-24,200.290
2009-04-27,200.000
2009-04-28,197.200
2009-04-29,197.120
2009-04-30,197.750
2009-05-04,196.700
2009-05-05,198.300
2009-05-06,198.400
2009-05-07,200.100
2009-05-08,200.530
2009-05-11,200.850
2009-05-12,200.670
2009-05-13,203.110
2009-05-14,202.190
2009-05-15,203.180
2009-05-18,204.620
2009-05-19,202.460
2009-05-20,203.740
2009-05-21,207.000
2009-05-22,208.610
2009-05-25,209.050
2009-05-26,209.230
2009-05-27,208.690
2009-06-01,215.680
2009-06-02,213.000
2009-06-03,216.400
2009-06-04,213.000
2009-06-05,215.500
2009-06-08,209.500
2009-06-09,209.690
2009-06-10,210.950
2009-06-11,209.930
2009-06-12,209.390
2009-06-15,205.890
2009-06-16,206.290
2009-06-17,206.480
2009-06-18,206.780
2009-06-19,205.800
2009-06-22,205.690
2009-06-23,203.030
2009-06-24,204.210
2009-06-25,205.900
2009-06-26,207.810
2009-06-29,206.250
2009-06-30,207.410
2009-07-01,205.160
2009-07-02,206.470
2009-07-03,205.750
2009-07-06,203.800
2009-07-07,203.360
2009-07-08,203.680
2009-07-09,201.300
2009-07-10,201.000
2009-07-13,200.680
2009-07-14,202.760
2009-07-15,204.140
2009-07-16,206.190
2009-07-17,205.910
2009-07-20,207.750
2009-07-21,208.200
2009-07-22,208.080
2009-07-23,209.410
2009-07-24,208.550
2009-07-27,210.060
2009-07-28,209.860
2009-07-29,205.810
2009-07-30,205.020
2009-07-31,206.260
2009-08-03,209.400
2009-08-04,209.890
2009-08-05,212.020
2009-08-06,211.950
2009-08-07,211.200
2009-08-10,210.010
2009-08-11,209.000
2009-08-12,207.910
2009-08-13,210.450
2009-08-14,210.150
2009-08-17,207.970
2009-08-18,207.390
2009-08-19,206.600
2009-08-20,208.290
2009-08-21,207.310
2009-08-24,210.030
2009-08-25,208.190
2009-08-26,208.750
2009-08-27,208.600
2009-08-28,209.170
2009-08-31,209.850
2009-09-01,210.220
2009-09-02,210.390
2009-09-03,215.440
2009-09-04,217.340
2009-09-07,218.400
2009-09-08,220.270
2009-09-09,219.530
2009-09-10,218.440
2009-09-11,219.700
2009-09-14,219.200
2009-09-15,220.000
2009-09-16,223.410
2009-09-17,224.010
2009-09-18,222.690
2009-09-21,220.160
2009-09-22,222.160
2009-09-23,222.870
2009-09-24,222.780
2009-09-25,218.860
2009-09-28,217.430
2009-09-29,218.330
2009-09-30,219.710
2009-10-09,229.000
2009-10-12,229.920
2009-10-13,231.300
2009-10-14,234.300
2009-10-15,231.970
2009-10-16,230.600
2009-10-19,232.000
2009-10-20,234.390
2009-10-21,233.000
2009-10-22,232.450
2009-10-23,233.000
2009-10-26,231.990
2009-10-27,229.290
2009-10-28,229.060
2009-10-29,227.000
2009-10-30,230.450
2009-11-02,229.900
2009-11-03,233.240
2009-11-04,237.800
2009-11-05,238.440
2009-11-06,239.400
2009-11-09,242.760
2009-11-10,241.540
2009-11-11,243.490
2009-11-12,246.340
2009-11-13,243.000
2009-11-16,248.080
2009-11-17,249.390
2009-11-18,250.280
2009-11-19,251.430
2009-11-20,251.950
2009-11-23,256.150
2009-11-24,255.500
2009-11-25,259.220
2009-11-26,260.600
2009-11-27,255.590
2009-11-30,258.250
2009-12-01,259.980
2009-12-02,265.770
2009-12-03,267.700
2009-12-04,265.890
2009-12-07,254.500
2009-12-08,255.900
2009-12-09,249.080
2009-12-10,248.590
2009-12-11,251.000
2009-12-14,248.210
2009-12-15,247.500
2009-12-16,248.000
2009-12-17,248.950
2009-12-18,244.730
2009-12-21,246.000
2009-12-22,241.500
2009-12-23,239.740
2009-12-24,243.540
2009-12-25,245.030
2009-12-28,244.500
2009-12-29,243.280
2009-12-30,241.360
2009-12-31,244.500
2010-01-04,243.890
2010-01-05,249.350
2010-01-06,246.870
2010-01-07,250.340
2010-01-08,248.080
2010-01-11,254.310
2010-01-12,255.160
2010-01-13,249.840
2010-01-14,252.000
2010-01-15,251.840
2010-01-18,251.580
2010-01-19,252.350
2010-01-20,251.000
2010-01-21,247.500
2010-01-22,244.270
2010-01-25,244.800
2010-01-26,243.840
2010-01-27,242.910
2010-01-28,241.000
2010-01-29,239.700
2010-02-01,239.610
2010-02-02,244.100
2010-02-03,246.780
2010-02-04,243.800
2010-02-05,235.310
2010-02-08,235.600
2010-02-09,236.550
2010-02-10,237.470
2010-02-11,237.490
2010-02-12,239.730
2010-02-22,246.590
2010-02-23,245.290
2010-02-24,242.500
2010-02-25,240.550
2010-02-26,243.540
2010-03-01,245.350
2010-03-02,245.090
2010-03-03,249.000
2010-03-04,248.900
2010-03-05,248.780
2010-03-08,249.700
2010-03-09,245.580
2010-03-10,246.940
2010-03-11,243.720
2010-03-12,244.940
2010-03-15,243.640
2010-03-16,245.150
2010-03-17,248.300
2010-03-18,246.870
2010-03-19,247.290
2010-03-22,244.200
2010-03-23,243.370
2010-03-24,243.500
2010-03-25,242.020
2010-03-26,243.200
2010-03-29,244.770
2010-03-30,244.970
2010-03-31,244.570
2010-04-01,245.480
2010-04-02,246.870
2010-04-06,247.530
2010-04-07,249.800
2010-04-08,251.400
2010-04-09,253.870
2010-04-12,255.690
2010-04-13,253.390
2010-04-14,253.650
2010-04-15,253.500
2010-04-16,253.390
2010-04-19,248.850
2010-04-20,250.590
2010-04-21,251.450
2010-04-22,252.420
2010-04-23,251.000
2010-04-26,254.300
2010-04-27,253.490
2010-04-28,255.150
2010-04-29,256.240
2010-04-30,257.260
2010-05-04,258.130
2010-05-05,256.880
2010-05-06,257.640
2010-05-07,263.630
2010-05-10,263.090
2010-05-11,265.200
2010-05-12,270.630
2010-05-13,271.800
2010-05-14,271.540
2010-05-17,271.830
2010-05-18,266.790
2010-05-19,266.700
2010-05-20,261.240
2010-05-21,259.800
2010-05-24,261.890
2010-05-25,261.290
2010-05-26,265.200
2010-05-27,266.060
2010-05-28,266.640
2010-05-31,266.010
2010-06-01,267.690
2010-06-02,268.500
2010-06-03,268.870
2010-06-04,264.660
2010-06-07,267.210
2010-06-08,272.280
2010-06-09,271.350
2010-06-10,269.620
2010-06-11,268.920
2010-06-17,271.300
2010-06-18,272.970
2010-06-21,276.090
2010-06-22,271.540
2010-06-23,272.300
2010-06-24,270.140
2010-06-25,272.190
2010-06-28,273.930
2010-06-29,270.000
2010-06-30,271.440
2010-07-01,270.520
2010-07-02,263.820
2010-07-05,264.710
2010-07-06,263.860
2010-07-07,260.130
2010-07-08,263.180
2010-07-09,261.830
2010-07-12,263.300
2010-07-13,261.880
2010-07-14,264.540
2010-07-15,264.030
2010-07-16,263.600
2010-07-19,260.650
2010-07-20,259.000
2010-07-21,260.000
2010-07-22,259.020
2010-07-23,261.730
2010-07-26,261.200
2010-07-27,259.500
2010-07-28,255.800
2010-07-29,255.800
2010-07-30,255.800
2010-08-02,258.390
2010-08-03,258.590
2010-08-04,260.630
2010-08-05,260.780
2010-08-06,261.310
2010-08-09,263.500
2010-08-10,261.780
2010-08-11,261.820
2010-08-12,262.620
2010-08-13,265.900
2010-08-16,266.860
2010-08-17,268.000
2010-08-18,266.800
2010-08-19,268.790
2010-08-20,268.820
2010-08-23,269.250
2010-08-24,267.520
2010-08-25,269.670
2010-08-26,271.820
2010-08-27,270.010
2010-08-30,270.960
2010-08-31,270.630
2010-09-01,273.970
2010-09-02,273.280
2010-09-03,273.900
2010-09-06,273.700
2010-09-07,273.440
2010-09-08,275.570
2010-09-09,274.140
2010-09-10,272.300
2010-09-13,272.390
2010-09-14,273.000
2010-09-15,276.000
2010-09-16,275.200
2010-09-17,277.550
2010-09-20,277.510
2010-09-21,276.420
2010-09-27,280.390
2010-09-28,278.220
2010-09-29,281.950
2010-09-30,282.100
2010-10-08,285.800
2010-10-11,289.990
2010-10-12,289.860
2010-10-13,291.700
2010-10-14,295.990
2010-10-15,295.060
2010-10-18,290.990
2010-10-19,292.620
2010-10-20,287.590
2010-10-21,287.650
2010-10-22,283.950
2010-10-25,289.130
2010-10-26,287.900
2010-10-27,287.130
2010-10-28,286.430
2010-10-29,289.200
2010-11-01,293.070
2010-11-02,292.380
2010-11-03,291.990
2010-11-04,292.590
2010-11-05,297.390
2010-11-08,298.890
2010-11-09,303.620
2010-11-10,300.780
2010-11-11,302.160
2010-11-12,298.990
2010-11-15,295.200
2010-11-16,293.760
2010-11-17,289.000
2010-11-18,292.090
2010-11-19,292.400
2010-11-22,293.530
2010-11-23,294.570
2010-11-24,296.500
2010-11-25,295.580
2010-11-26,294.850
2010-11-29,294.700
2010-11-30,295.080
2010-12-01,299.600
2010-12-02,299.990
2010-12-03,298.990
2010-12-06,303.090
2010-12-07,304.330
2010-12-08,298.690
2010-12-09,298.520
2010-12-10,299.370
2010-12-13,299.500
2010-12-14,301.000
2010-12-15,298.830
2010-12-16,298.190
2010-12-17,296.810
2010-12-20,299.550
2010-12-21,298.800
2010-12-22,298.890
2010-12-23,298.070
2010-12-24,298.390
2010-12-27,298.490
2010-12-28,299.000
2010-12-29,301.070
2010-12-30,301.500
2010-12-31,301.800
2011-01-04,302.500
2011-01-05,297.680
2011-01-06,298.570
2011-01-07,296.890
2011-01-10,298.530
2011-01-11,299.790
2011-01-12,299.220
2011-01-13,297.800
2011-01-14,295.790
2011-01-17,293.390
2011-01-18,296.460
2011-01-19,295.990
2011-01-20,293.910
2011-01-21,291.010
2011-01-24,291.220
2011-01-25,287.300
2011-01-26,288.200
2011-01-27,287.350
2011-01-28,282.580
2011-01-31,285.700
2011-02-01,285.950
2011-02-09,290.000
2011-02-10,289.710
2011-02-11,290.280
2011-02-14,290.290
2011-02-15,290.950
2011-02-16,292.830
2011-02-17,293.400
2011-02-18,294.100
2011-02-21,296.490
2011-02-22,296.860
2011-02-23,297.300
2011-02-24,299.050
2011-02-25,298.320
2011-02-28,299.600
2011-03-01,299.790
2011-03-02,302.270
2011-03-03,301.700
2011-03-04,299.720
2011-03-07,304.050
2011-03-08,302.020
2011-03-09,302.050
2011-03-10,303.300
2011-03-11,300.950
2011-03-14,302.680
2011-03-15,300.440
2011-03-16,298.500
2011-03-17,297.600
2011-03-18,300.840
2011-03-21,303.150
2011-03-22,302.800
2011-03-23,302.800
2011-03-24,304.300
2011-03-25,303.980
2011-03-28,300.390
2011-03-29,300.830
2011-03-30,301.740
2011-03-31,302.160
2011-04-01,303.040
2011-04-06,306.470
2011-04-07,306.540
2011-04-08,309.200
2011-04-11,310.550
2011-04-12,307.500
2011-04-13,307.950
2011-04-14,308.540
2011-04-15,310.220
2011-04-18,312.000
2011-04-19,313.600
2011-04-20,315.390
2011-04-21,315.800
2011-04-22,317.480
2011-04-25,318.900
2011-04-26,316.070
2011-04-27,315.740
2011-04-28,320.170
2011-04-29,320.170
2011-05-03,322.000
2011-05-04,321.670
2011-05-05,318.120
2011-05-06,311.390
2011-05-09,314.920
2011-05-10,316.000
2011-05-11,318.290
2011-05-12,312.530
2011-05-13,317.000
2011-05-16,314.020
2011-05-17,314.000
2011-05-18,313.350
2011-05-19,313.700
2011-05-20,314.120
2011-05-23,315.500
2011-05-24,318.050
2011-05-25,318.890
2011-05-26,319.590
2011-05-27,319.390
2011-05-30,320.290
2011-05-31,320.640
2011-06-01,319.480
2011-06-02,321.380
2011-06-03,319.770
2011-06-07,322.030
2011-06-08,321.000
2011-06-09,320.710
2011-06-10,321.730
2011-06-13,320.000
2011-06-14,317.960
2011-06-15,318.500
2011-06-16,319.340
2011-06-17,318.700
2011-06-20,320.670
2011-06-21,321.330
2011-06-22,321.780
2011-06-23,321.500
2011-06-24,317.880
2011-06-27,313.950
2011-06-28,313.620
2011-06-29,314.610
2011-06-30,314.700
2011-07-01,313.330
2011-07-04,312.270
2011-07-05,312.130
2011-07-06,316.510
2011-07-07,319.200
2011-07-08,318.980
2011-07-11,321.890
2011-07-12,322.270
2011-07-13,326.810
2011-07-14,329.080
2011-07-15,327.200
2011-07-18,331.550
2011-07-19,333.940
2011-07-20,330.390
2011-07-21,333.170
2011-07-22,329.700
2011-07-25,335.500
2011-07-26,334.500
2011-07-27,336.100
2011-07-28,334.840
2011-07-29,334.000
2011-08-01,333.980
2011-08-02,336.400
2011-08-03,345.880
2011-08-04,344.800
2011-08-05,344.950
2011-08-08,352.640
2011-08-09,360.870
2011-08-10,361.750
2011-08-11,368.200
2011-08-12,362.790
2011-08-15,359.510
2011-08-16,364.760
2011-08-17,368.000
2011-08-18,369.370
2011-08-19,381.480
2011-08-22,389.800
2011-08-23,387.860
2011-08-24,380.450
2011-08-25,361.010
2011-08-26,368.840
2011-08-29,375.500
2011-08-30,371.050
2011-08-31,377.690
2011-09-01,375.110
2011-09-02,380.190
2011-09-05,387.590
2011-09-06,393.480
2011-09-07,379.490
2011-09-08,380.900
2011-09-09,386.930
2011-09-13,377.500
2011-09-14,378.000
2011-09-15,374.980
2011-09-16,366.930
2011-09-19,377.200
2011-09-20,370.630
2011-09-21,374.610
2011-09-22,368.000
2011-09-23,360.000
2011-09-26,327.560
2011-09-27,342.370
2011-09-28,343.250
2011-09-29,336.000
2011-09-30,338.490
2011-10-10,342.910
2011-10-11,346.790
2011-10-12,346.220
2011-10-13,347.000
2011-10-14,345.610
2011-10-17,348.290
2011-10-18,343.620
2011-10-19,340.800
2011-10-20,334.980
2011-10-21,336.740
2011-10-24,341.460
2011-10-25,341.500
2011-10-26,352.500
2011-10-27,352.970
2011-10-28,356.340
2011-10-31,350.490
2011-11-01,351.270
2011-11-02,353.520
2011-11-03,353.400
2011-11-04,359.490
2011-11-07,361.650
2011-11-08,365.200
2011-11-09,364.910
2011-11-10,358.890
2011-11-11,361.190
2011-11-14,365.700
2011-11-15,362.630
2011-11-16,362.170
2011-11-17,361.100
2011-11-18,353.700
2011-11-21,352.870
2011-11-22,346.370
2011-11-23,350.250
2011-11-24,348.470
2011-11-25,345.520
2011-11-28,350.990
2011-11-29,352.040
2011-11-30,351.770
2011-12-01,357.680
2011-12-02,357.590
2011-12-05,357.500
2011-12-06,351.480
2011-12-07,354.600
2011-12-08,356.290
2011-12-09,350.800
2011-12-12,346.340
2011-12-13,339.310
2011-12-14,337.950
2011-12-15,322.280
2011-12-16,329.420
2011-12-19,327.720
2011-12-20,328.650
2011-12-21,333.200
2011-12-22,329.910
2011-12-23,330.290
2011-12-26,328.780
2011-12-27,326.370
2011-12-28,323.640
2011-12-29,315.500
2011-12-30,319.800
2012-01-04,328.720
2012-01-05,331.980
2012-01-06,332.580
2012-01-09,331.040
2012-01-10,332.050
2012-01-11,335.500
2012-01-12,337.370
2012-01-13,337.510
2012-01-16,336.390
2012-01-17,339.180
2012-01-18,338.330
2012-01-19,339.380
2012-01-20,338.870
2012-01-30,351.010
2012-01-31,354.160
2012-02-01,352.580
2012-02-02,355.100
2012-02-03,356.990
2012-02-06,351.950
2012-02-07,351.740
2012-02-08,355.300
2012-02-09,353.300
2012-02-10,351.740
2012-02-13,351.590
2012-02-14,348.430
2012-02-15,351.200
2012-02-16,349.980
2012-02-17,352.160
2012-02-20,351.890
2012-02-21,353.650
2012-02-22,356.720
2012-02-23,359.920
2012-02-24,359.790
2012-02-27,359.680
2012-02-28,359.990
2012-02-29,361.960
2012-03-01,348.000
2012-03-02,348.700
2012-03-05,348.090
2012-03-06,346.010
2012-03-07,340.990
2012-03-08,343.450
2012-03-09,347.200
2012-03-12,347.260
2012-03-13,347.100
2012-03-14,341.350
2012-03-15,337.250
2012-03-16,339.400
2012-03-19,339.000
2012-03-20,337.620
2012-03-21,337.870
2012-03-22,336.770
2012-03-23,336.600
2012-03-26,339.290
2012-03-27,343.800
2012-03-28,341.220
2012-03-29,338.290
2012-03-30,339.040
2012-04-05,331.780
2012-04-06,334.280
2012-04-09,335.400
2012-04-10,336.490
2012-04-11,338.040
2012-04-12,337.970
2012-04-13,340.990
2012-04-16,335.430
2012-04-17,335.550
2012-04-18,336.390
2012-04-19,334.810
2012-04-20,334.960
2012-04-23,333.300
2012-04-24,333.650
2012-04-25,334.580
2012-04-26,335.450
2012-04-27,336.090
2012-05-02,336.460
2012-05-03,334.520
2012-05-04,332.840
2012-05-07,333.510
2012-05-08,332.550
2012-05-09,324.640
2012-05-10,325.570
2012-05-11,322.340
2012-05-14,322.000
2012-05-15,318.510
2012-05-16,313.980
2012-05-17,316.980
2012-05-18,322.770
2012-05-21,326.490
2012-05-22,324.490
2012-05-23,318.950
2012-05-24,319.290
2012-05-25,321.000
2012-05-28,323.990
2012-05-29,323.550
2012-05-30,318.390
2012-05-31,321.750
2012-06-01,320.240
2012-06-04,332.480
2012-06-05,331.010
2012-06-06,333.500
2012-06-07,332.460
2012-06-08,322.910
2012-06-11,328.000
2012-06-12,326.350
2012-06-13,330.600
2012-06-14,332.300
2012-06-15,333.480
2012-06-18,331.280
2012-06-19,333.720
2012-06-20,331.190
2012-06-21,328.530
2012-06-25,323.140
2012-06-26,324.600
2012-06-27,322.300
2012-06-28,322.710
2012-06-29,322.490
2012-07-02,326.200
2012-07-03,329.120
2012-07-04,330.120
2012-07-05,330.900
2012-07-06,328.300
2012-07-09,325.880
2012-07-10,325.490
2012-07-11,324.540
2012-07-12,322.880
2012-07-13,323.910
2012-07-16,326.510
2012-07-17,327.190
2012-07-18,325.040
2012-07-19,325.250
2012-07-20,325.840
2012-07-23,324.000
2012-07-24,324.520
2012-07-25,326.570
2012-07-26,329.470
2012-07-27,331.930
2012-07-30,331.750
2012-07-31,332.350
2012-08-01,331.510
2012-08-02,329.400
2012-08-03,326.990
2012-08-06,329.800
2012-08-07,331.250
2012-08-08,329.220
2012-08-09,331.070
2012-08-10,329.870
2012-08-13,332.860
2012-08-14,331.250
2012-08-15,328.130
2012-08-16,329.250
2012-08-17,331.870
2012-08-20,331.930
2012-08-21,332.400
2012-08-22,335.740
2012-08-23,340.650
2012-08-24,340.270
2012-08-27,342.330
2012-08-28,340.200
2012-08-29,341.130
2012-08-30,339.500
2012-08-31,339.690
2012-09-03,345.100
2012-09-04,346.350
2012-09-05,345.850
2012-09-06,348.580
2012-09-07,346.100
2012-09-10,353.500
2012-09-11,352.940
2012-09-12,354.000
2012-09-13,352.990
2012-09-14,360.310
2012-09-17,360.000
2012-09-18,357.500
2012-09-19,361.000
2012-09-20,357.320
2012-09-21,359.530
2012-09-24,357.500
2012-09-25,358.570
2012-09-26,358.250
2012-09-27,356.190
2012-09-28,360.030
2012-10-08,358.300
2012-10-09,359.280
2012-10-10,357.790
2012-10-11,357.540
2012-10-12,357.290
2012-10-15,352.600
2012-10-16,351.640
2012-10-17,352.500
2012-10-18,352.000
2012-10-19,349.860
2012-10-22,347.510
2012-10-23,346.430
2012-10-24,344.690
2012-10-25,345.000
2012-10-26,342.490
2012-10-29,344.430
2012-10-30,344.290
2012-10-31,343.940
2012-11-01,345.690
2012-11-02,343.790
2012-11-05,338.160
2012-11-06,339.420
2012-11-07,347.180
2012-11-08,345.490
2012-11-09,348.320
2012-11-12,348.240
2012-11-13,346.010
2012-11-14,346.290
2012-11-15,345.760
2012-11-16,344.110
2012-11-19,346.190
2012-11-20,347.670
2012-11-21,345.600
2012-11-22,346.800
2012-11-23,346.770
2012-11-26,350.140
2012-11-27,349.980
2012-11-28,347.720
2012-11-29,344.370
2012-11-30,346.020
2012-12-03,344.240
2012-12-04,341.270
2012-12-05,341.500
2012-12-06,338.990
2012-12-07,341.400
2012-12-10,342.620
2012-12-11,343.820
2012-12-12,344.450
2012-12-13,341.480
2012-12-14,341.740
2012-12-17,339.500
2012-12-18,342.000
2012-12-19,336.960
2012-12-20,335.640
2012-12-21,330.620
2012-12-24,334.010
2012-12-25,333.400
2012-12-26,333.270
2012-12-27,333.080
2012-12-28,332.840
2012-12-31,334.500
2013-01-04,331.470
2013-01-07,333.500
2013-01-08,331.580
2013-01-09,333.980
2013-01-10,333.700
2013-01-11,335.930
2013-01-14,335.920
2013-01-15,337.490
2013-01-16,337.700
2013-01-17,337.400
2013-01-18,339.210
2013-01-21,339.350
2013-01-22,339.830
2013-01-23,339.800
2013-01-24,337.390
2013-01-25,336.180
2013-01-28,334.620
2013-01-29,335.330
2013-01-30,336.000
2013-01-31,336.800
2013-02-01,335.040
2013-02-04,336.740
2013-02-05,337.100
2013-02-06,337.160
2013-02-07,337.300
2013-02-08,336.750
2013-02-18,327.250
2013-02-19,326.790
2013-02-20,326.000
2013-02-21,319.040
2013-02-22,323.480
2013-02-25,323.550
2013-02-26,323.990
2013-02-27,326.710
2013-02-28,323.990
2013-03-01,320.700
2013-03-04,320.200
2013-03-05,320.560
2013-03-06,319.030
2013-03-07,319.000
2013-03-08,318.350
2013-03-11,319.500
2013-03-12,319.490
2013-03-13,320.900
2013-03-14,319.410
2013-03-15,320.080
2013-03-18,321.190
2013-03-19,321.820
2013-03-20,322.930
2013-03-21,322.230
2013-03-22,322.700
2013-03-25,322.150
2013-03-26,321.050
2013-03-27,319.250
2013-03-28,321.110
2013-03-29,320.230
2013-04-01,319.870
2013-04-02,320.180
2013-04-03,314.150
2013-04-08,316.690
2013-04-09,315.400
2013-04-10,316.990
2013-04-11,311.870
2013-04-12,311.820
2013-04-15,289.900
2013-04-16,274.760
2013-04-17,276.500
2013-04-18,275.910
2013-04-19,285.500
2013-04-22,288.490
2013-04-23,283.910
2013-04-24,290.790
2013-04-25,293.200
2013-04-26,296.500
2013-05-02,294.580
2013-05-03,296.800
2013-05-06,299.600
2013-05-07,294.000
2013-05-08,294.520
2013-05-09,296.790
2013-05-10,296.170
2013-05-13,293.640
2013-05-14,291.840
2013-05-15,285.600
2013-05-16,280.940
2013-05-17,277.960
2013-05-20,276.440
2013-05-21,282.640
2013-05-22,281.560
2013-05-23,278.000
2013-05-24,279.200
2013-05-27,280.850
2013-05-28,279.140
2013-05-29,277.960
2013-05-30,280.850
2013-05-31,281.500
2013-06-03,277.640
2013-06-04,279.550
2013-06-05,278.500
2013-06-06,277.500
2013-06-07,281.090
2013-06-13,277.990
2013-06-14,277.350
2013-06-17,277.130
2013-06-18,275.640
2013-06-19,274.250
2013-06-20,266.480
2013-06-21,262.470
2013-06-24,260.160
2013-06-25,258.910
2013-06-26,251.590
2013-06-27,250.070
2013-06-28,243.500
2013-07-01,254.100
2013-07-02,256.600
2013-07-03,252.000
2013-07-04,255.250
2013-07-05,253.000
2013-07-08,247.150
2013-07-09,251.690
2013-07-10,253.000
2013-07-11,259.350
2013-07-12,257.600
2013-07-15,257.510
2013-07-16,259.100
2013-07-17,259.500
2013-07-18,256.460
2013-07-19,259.400
2013-07-22,259.480
2013-07-23,267.170
2013-07-24,268.100
2013-07-25,265.000
2013-07-26,266.500
2013-07-29,264.310
2013-07-30,264.100
2013-07-31,265.800
2013-08-01,264.400
2013-08-02,258.300
2013-08-05,263.500
2013-08-06,259.900
2013-08-07,257.110
2013-08-08,259.150
2013-08-09,262.200
2013-08-12,266.880
2013-08-13,267.800
2013-08-14,264.700
2013-08-15,267.650
2013-08-16,271.900
2013-08-19,273.600
2013-08-20,270.700
2013-08-21,272.240
2013-08-22,271.700
2013-08-23,273.200
2013-08-26,277.700
2013-08-27,278.330
2013-08-28,282.300
2013-08-29,280.000
2013-08-30,277.600
2013-09-02,277.000
2013-09-03,276.400
2013-09-04,279.100
2013-09-05,275.600
2013-09-06,273.000
2013-09-09,276.100
2013-09-10,273.800
2013-09-11,272.350
2013-09-12,268.100
2013-09-13,262.700
2013-09-16,263.800
2013-09-17,262.000
2013-09-18,259.500
2013-09-24,262.410
2013-09-25,262.200
2013-09-26,264.500
2013-09-27,263.500
2013-09-30,265.500
2013-10-08,263.200
2013-10-09,262.100
2013-10-10,259.970
2013-10-11,257.800
2013-10-14,255.480
2013-10-15,253.390
2013-10-16,255.000
2013-10-17,254.380
2013-10-18,260.000
2013-10-21,260.700
2013-10-22,259.500
2013-10-23,262.500
2013-10-24,262.660
2013-10-25,262.900
2013-10-28,264.150
2013-10-29,264.220
2013-10-30,263.850
2013-10-31,262.250
2013-11-01,260.690
2013-11-04,258.400
2013-11-05,258.750
2013-11-06,258.100
2013-11-07,259.000
2013-11-08,257.600
2013-11-11,253.350
2013-11-12,251.950
2013-11-13,251.000
2013-11-14,252.800
2013-11-15,253.000
2013-11-18,253.100
2013-11-19,250.930
2013-11-20,251.200
2013-11-21,246.510
2013-11-22,245.700
2013-11-25,243.400
2013-11-26,247.330
2013-11-27,245.980
2013-11-28,244.600
2013-11-29,244.800
2013-12-02,245.800
2013-12-03,242.200
2013-12-04,240.900
2013-12-05,243.510
2013-12-06,243.500
2013-12-09,244.000
2013-12-10,244.800
2013-12-11,246.700
2013-12-12,246.000
2013-12-13,242.200
2013-12-16,242.800
2013-12-17,245.580
2013-12-18,243.000
2013-12-19,241.000
2013-12-20,236.390
2013-12-23,238.310
2013-12-24,237.650
2013-12-25,238.860
2013-12-26,239.280
2013-12-27,240.500
2013-12-30,239.000
2013-12-31,236.460
2014-01-02,242.300
2014-01-03,243.800
2014-01-06,245.400
2014-01-07,245.800
2014-01-08,241.950
2014-01-09,241.800
2014-01-10,243.000
2014-01-13,246.500
2014-01-14,246.350
2014-01-15,244.150
2014-01-16,244.450
2014-01-17,245.400
2014-01-20,247.020
2014-01-21,245.800
2014-01-22,243.960
2014-01-23,243.290
2014-01-24,246.890
2014-01-27,247.800
2014-01-28,246.200
2014-01-29,245.890
2014-01-30,246.400
2014-02-07,248.200
2014-02-10,250.390
2014-02-11,251.500
2014-02-12,252.100
2014-02-13,252.100
2014-02-14,256.700
2014-02-17,259.870
2014-02-18,258.090
2014-02-19,258.250
2014-02-20,257.500
2014-02-21,259.300
2014-02-24,260.500
2014-02-25,262.390
2014-02-26,265.240
2014-02-27,261.450
2014-02-28,262.760
2014-03-03,266.200
2014-03-04,264.000
2014-03-05,263.000
2014-03-06,262.990
2014-03-07,265.300
2014-03-10,262.540
2014-03-11,264.500
2014-03-12,267.400
2014-03-13,269.750
2014-03-14,269.600
2014-03-17,273.500
2014-03-18,269.100
2014-03-19,268.200
2014-03-20,265.450
2014-03-21,265.300
2014-03-24,263.900
2014-03-25,261.200
2014-03-26,262.000
2014-03-27,259.550
2014-03-28,258.500
2014-03-31,257.900
2014-04-01,256.400
2014-04-02,256.250
2014-04-03,257.010
2014-04-04,257.640
2014-04-08,261.000
2014-04-09,261.300
2014-04-10,263.000
2014-04-11,262.650
2014-04-14,264.850
2014-04-15,262.140
2014-04-16,260.100
2014-04-17,259.300
2014-04-18,259.340
2014-04-21,257.950
2014-04-22,258.550
2014-04-23,257.850
2014-04-24,257.770
2014-04-25,259.800
2014-04-28,261.900
2014-04-29,260.000
2014-04-30,260.590
2014-05-05,262.850
2014-05-06,262.990
2014-05-07,262.800
2014-05-08,259.050
2014-05-09,259.200
2014-05-12,259.100
2014-05-13,259.500
2014-05-14,260.180
2014-05-15,261.000
2014-05-16,259.900
2014-05-19,260.700
2014-05-20,259.800
2014-05-21,259.850
2014-05-22,260.250
2014-05-23,260.000
2014-05-26,259.580
2014-05-27,258.250
2014-05-28,254.950
2014-05-29,252.100
2014-05-30,252.990
2014-06-02,252.990
2014-06-03,250.850
2014-06-04,251.050
2014-06-05,250.400
2014-06-06,252.650
2014-06-09,252.200
2014-06-10,251.600
2014-06-11,252.550
2014-06-12,252.000
2014-06-13,254.350
2014-06-16,256.800
2014-06-17,253.630
2014-06-18,254.350
2014-06-19,256.000
2014-06-20,262.500
2014-06-23,263.680
2014-06-24,263.600
2014-06-25,262.900
2014-06-26,263.000
2014-06-27,263.100
2014-06-30,261.990
2014-07-01,264.000
2014-07-02,264.400
2014-07-03,263.750
2014-07-04,263.930
2014-07-07,261.700
2014-07-08,263.000
2014-07-09,263.750
2014-07-10,264.720
2014-07-11,266.900
2014-07-14,263.300
2014-07-15,261.500
2014-07-16,259.200
2014-07-17,260.400
2014-07-18,261.700
2014-07-21,262.590
2014-07-22,261.100
2014-07-23,261.200
2014-07-24,258.850
2014-07-25,257.850
2014-07-28,259.500
2014-07-29,259.850
2014-07-30,258.550
2014-07-31,257.800
2014-08-01,255.650
2014-08-04,257.700
2014-08-05,256.800
2014-08-06,256.470
2014-08-07,258.700
2014-08-08,261.100
2014-08-11,259.200
2014-08-12,260.000
2014-08-13,259.740
2014-08-14,260.400
2014-08-15,260.150
2014-08-18,257.500
2014-08-19,257.000
2014-08-20,256.400
2014-08-21,253.900
2014-08-22,253.900
2014-08-25,253.300
2014-08-26,255.760
2014-08-27,254.950
2014-08-28,255.180
2014-08-29,255.000
2014-09-01,255.000
2014-09-02,252.800
2014-09-03,251.300
2014-09-04,251.100
2014-09-05,250.250
2014-09-09,248.200
2014-09-10,248.450
2014-09-11,247.200
2014-09-12,245.100
2014-09-15,244.800
2014-09-16,245.500
2014-09-17,245.300
2014-09-18,242.340
2014-09-19,242.010
2014-09-22,239.030
2014-09-23,240.900
2014-09-24,242.500
2014-09-25,239.270
2014-09-26,242.760
2014-09-29,240.970
2014-09-30,241.240
2014-10-08,241.260
2014-10-09,242.590
2014-10-10,241.750
2014-10-13,243.640
2014-10-14,243.580
2014-10-15,242.120
2014-10-16,244.410
2014-10-17,244.890
2014-10-20,244.790
2014-10-21,246.990
2014-10-22,245.390
2014-10-23,244.850
2014-10-24,242.420
2014-10-27,242.220
2014-10-28,241.820
2014-10-29,241.830
2014-10-30,237.410
2014-10-31,230.440
2014-11-03,230.930
2014-11-04,229.500
2014-11-05,225.900
2014-11-06,225.380
2014-11-07,225.300
2014-11-10,230.710
2014-11-11,227.790
2014-11-12,230.390
2014-11-13,228.890
2014-11-14,227.300
2014-11-17,234.570
2014-11-18,234.400
2014-11-19,235.200
2014-11-20,233.800
2014-11-21,235.400
2014-11-24,237.150
2014-11-25,237.000
2014-11-26,237.390
2014-11-27,236.420
2014-11-28,235.500
2014-12-01,228.840
2014-12-02,238.860
2014-12-03,237.700
2014-12-04,238.000
2014-12-05,239.000
2014-12-08,236.990
2014-12-09,240.380
2014-12-10,246.150
2014-12-11,243.200
2014-12-12,243.000
2014-12-15,243.300
2014-12-16,239.100
2014-12-17,239.300
2014-12-18,240.380
2014-12-19,240.750
2014-12-22,240.250
2014-12-23,237.000
2014-12-24,236.580
2014-12-25,236.700
2014-12-26,238.200
2014-12-29,239.980
2014-12-30,237.450
2014-12-31,240.600
2015-01-05,240.550
2015-01-06,242.500
2015-01-07,243.200
2015-01-08,242.750
2015-01-09,242.930
2015-01-12,245.800
2015-01-13,247.310
2015-01-14,247.800
2015-01-15,245.100
2015-01-16,252.000
2015-01-19,255.800
2015-01-20,256.000
2015-01-21,260.300
2015-01-22,257.290
2015-01-23,259.800
2015-01-26,260.800
2015-01-27,258.400
2015-01-28,259.010
2015-01-29,257.500
2015-01-30,253.200
2015-02-02,257.500
2015-02-03,258.200
2015-02-04,254.700
2015-02-05,255.500
2015-02-06,254.910
2015-02-09,249.900
2015-02-10,250.300
2015-02-11,248.890
2015-02-12,245.950
2015-02-13,247.550
2015-02-16,248.600
2015-02-17,247.200
2015-02-25,244.520
2015-02-26,244.600
2015-02-27,244.840
2015-03-02,247.400
2015-03-03,245.000
2015-03-04,244.180
2015-03-05,243.000
2015-03-06,242.300
2015-03-09,237.500
2015-03-10,235.450
2015-03-11,235.300
2015-03-12,235.800
2015-03-13,234.350
2015-03-16,234.850
2015-03-17,233.000
2015-03-18,231.000
2015-03-19,234.500
2015-03-20,234.500
2015-03-23,236.650
2015-03-24,237.610
2015-03-25,238.200
2015-03-26,241.000
2015-03-27,240.500
2015-03-30,238.800
2015-03-31,235.550
2015-04-01,236.680
2015-04-02,240.300
2015-04-03,239.400
2015-04-07,241.450
2015-04-08,241.900
2015-04-09,238.500
2015-04-10,238.850
2015-04-13,241.300
2015-04-14,239.070
2015-04-15,238.680
2015-04-16,240.300
2015-04-17,240.000
2015-04-20,241.900
2015-04-21,238.500
2015-04-22,240.000
2015-04-23,237.000
2015-04-24,238.800
2015-04-27,236.800
2015-04-28,240.500
2015-04-29,241.450
2015-04-30,240.000
2015-05-04,236.940
2015-05-05,237.700
2015-05-06,238.500
2015-05-07,237.000
2015-05-08,237.590
2015-05-11,237.170
2015-05-12,236.900
2015-05-13,239.000
2015-05-14,242.800
2015-05-15,243.570
2015-05-18,245.400
2015-05-19,243.550
2015-05-20,241.290
2015-05-21,241.900
2015-05-22,241.850
2015-05-25,240.500
2015-05-26,239.150
2015-05-27,237.680
2015-05-28,237.250
2015-05-29,237.400
2015-06-01,236.800
2015-06-02,237.400
2015-06-03,237.650
2015-06-04,235.950
2015-06-05,235.000
2015-06-08,234.700
2015-06-09,235.190
2015-06-10,236.850
2015-06-11,236.430
2015-06-12,236.550
2015-06-15,236.750
2015-06-16,237.300
2015-06-17,235.600
2015-06-18,237.500
2015-06-19,239.400
2015-06-23,237.380
2015-06-24,235.000
2015-06-25,235.100
2015-06-26,235.000
2015-06-29,235.560
2015-06-30,235.000
2015-07-01,234.400
2015-07-02,232.780
2015-07-03,233.580
2015-07-06,233.700
2015-07-07,233.900
2015-07-08,229.130
2015-07-09,232.600
2015-07-10,232.880
2015-07-13,231.500
2015-07-14,230.800
2015-07-15,231.490
2015-07-16,229.600
2015-07-17,229.280
2015-07-20,223.800
2015-07-21,221.700
2015-07-22,218.900
2015-07-23,219.550
2015-07-24,217.350
2015-07-27,221.350
2015-07-28,219.500
2015-07-29,219.570
2015-07-30,217.500
2015-07-31,216.900
2015-08-03,219.310
2015-08-04,218.150
2015-08-05,217.560
2015-08-06,217.510
2015-08-07,218.750
2015-08-10,219.950
2015-08-11,224.990
2015-08-12,232.300
2015-08-13,231.000
2015-08-14,230.600
2015-08-17,230.700
2015-08-18,231.000
2015-08-19,231.800
2015-08-20,234.700
2015-08-21,238.150
2015-08-24,239.590
2015-08-25,237.910
2015-08-26,235.700
2015-08-27,233.200
2015-08-28,233.200
2015-08-31,233.870
2015-09-01,234.700
2015-09-02,234.900
2015-09-07,231.000
2015-09-08,230.590
2015-09-09,231.100
2015-09-10,228.100
2015-09-11,228.350
2015-09-14,227.920
2015-09-15,227.950
2015-09-16,228.000
2015-09-17,230.440
2015-09-18,232.000
2015-09-21,234.000
2015-09-22,233.430
2015-09-23,232.450
2015-09-24,233.810
2015-09-25,235.240
2015-09-28,233.600
2015-09-29,230.550
2015-09-30,230.500
2015-10-08,235.000
2015-10-09,234.750
2015-10-12,237.200
2015-10-13,236.300
2015-10-14,239.810
2015-10-15,241.500
2015-10-16,240.600
2015-10-19,239.500
2015-10-20,240.100
2015-10-21,240.300
2015-10-22,239.000
2015-10-23,240.400
2015-10-26,238.300
2015-10-27,238.450
2015-10-28,240.000
2015-10-29,237.200
2015-10-30,233.910
2015-11-02,233.300
2015-11-03,232.290
2015-11-04,228.800
2015-11-05,227.100
2015-11-06,227.440
2015-11-09,224.390
2015-11-10,224.250
2015-11-11,224.480
2015-11-12,223.400
2015-11-13,223.400
2015-11-16,225.700
2015-11-17,222.100
2015-11-18,220.940
2015-11-19,221.600
2015-11-20,223.200
2015-11-23,220.850
2015-11-24,221.400
2015-11-25,222.900
2015-11-26,221.700
2015-11-27,220.760
2015-11-30,218.070
2015-12-01,221.550
2015-12-02,220.550
2015-12-03,217.790
2015-12-04,219.970
2015-12-07,224.660
2015-12-08,222.300
2015-12-09,223.290
2015-12-10,222.800
2015-12-11,222.800
2015-12-14,224.120
2015-12-15,221.650
2015-12-16,222.300
2015-12-17,223.100
2015-12-18,221.450
2015-12-21,223.950
2015-12-22,225.200
2015-12-23,224.600
2015-12-24,224.630
2015-12-25,225.150
2015-12-28,224.790
2015-12-29,224.730
2015-12-30,224.450
2015-12-31,222.850
2016-01-04,224.780
2016-01-05,226.750
2016-01-06,228.340
2016-01-07,233.300
2016-01-08,233.550
2016-01-11,234.800
2016-01-12,232.500
2016-01-13,229.210
2016-01-14,231.410
2016-01-15,230.500
2016-01-18,231.700
2016-01-19,231.300
2016-01-20,232.300
2016-01-21,234.180
2016-01-22,232.500
2016-01-25,233.700
2016-01-26,237.000
2016-01-27,237.100
2016-01-28,236.800
2016-01-29,236.500
2016-02-01,238.100
2016-02-02,238.530
2016-02-03,238.500
2016-02-04,241.800
2016-02-05,243.850
2016-02-15,253.700
2016-02-16,251.400
2016-02-17,254.000
2016-02-18,253.050
2016-02-19,256.720
2016-02-22,254.860
2016-02-23,256.160
2016-02-24,257.100
2016-02-25,260.320
2016-02-26,260.400
2016-02-29,258.690
2016-03-01,261.120
2016-03-02,258.700
2016-03-03,261.470
2016-03-04,264.740
2016-03-07,265.000
2016-03-08,266.160
2016-03-09,263.750
2016-03-10,261.450
2016-03-11,264.950
2016-03-14,262.100
2016-03-15,257.700
2016-03-16,259.200
2016-03-17,263.880
2016-03-18,262.400
2016-03-21,259.730
2016-03-22,262.100
2016-03-23,258.250
2016-03-24,255.000
2016-03-25,256.050
2016-03-28,255.750
2016-03-29,255.020
2016-03-30,258.560
2016-03-31,255.700
2016-04-01,257.020
2016-04-05,255.550
2016-04-06,255.710
2016-04-07,255.900
2016-04-08,257.300
2016-04-11,260.990
2016-04-12,261.530
2016-04-13,259.800
2016-04-14,257.780
2016-04-15,257.000
2016-04-18,258.290
2016-04-19,259.900
2016-04-20,260.000
2016-04-21,262.660
2016-04-22,260.430
2016-04-25,259.250
2016-04-26,258.400
2016-04-27,260.600
2016-04-28,261.500
2016-04-29,266.350
2016-05-03,270.700
2016-05-04,268.350
2016-05-05,267.750
2016-05-06,268.200
2016-05-09,268.100
2016-05-10,266.000
2016-05-11,267.070
2016-05-12,266.500
2016-05-13,267.500
2016-05-16,269.350
2016-05-17,267.900
2016-05-18,268.100
2016-05-19,264.500
2016-05-20,264.590
2016-05-23,264.100
2016-05-24,262.500
2016-05-25,258.450
2016-05-26,259.900
2016-05-27,258.050
2016-05-30,255.300
2016-05-31,256.900
2016-06-01,258.300
2016-06-02,258.000
2016-06-03,257.400
2016-06-06,262.350
2016-06-07,262.900
2016-06-08,265.000
2016-06-13,271.750
2016-06-14,271.500
2016-06-15,272.800
2016-06-16,277.700
2016-06-17,272.700
2016-06-20,272.180
2016-06-21,271.650
2016-06-22,268.500
2016-06-23,268.900
2016-06-24,281.450
2016-06-27,282.850
2016-06-28,281.700
2016-06-29,283.000
2016-06-30,281.500
2016-07-01,285.900
2016-07-04,289.350
2016-07-05,288.690
2016-07-06,293.830
2016-07-07,294.250
2016-07-08,291.700
2016-07-11,293.000
2016-07-12,292.400
2016-07-13,289.430
2016-07-14,287.400
2016-07-15,287.050
2016-07-18,286.450
2016-07-19,286.970
2016-07-20,285.850
2016-07-21,283.300
2016-07-22,285.000
2016-07-25,283.100
2016-07-26,284.000
2016-07-27,283.500
2016-07-28,287.700
2016-07-29,285.830
2016-08-01,288.140
2016-08-02,290.100
2016-08-03,291.900
2016-08-04,289.300
2016-08-05,292.180
2016-08-08,286.450
2016-08-09,289.000
2016-08-10,289.800
2016-08-11,287.900
2016-08-12,286.800
2016-08-15,287.350
2016-08-16,288.000
2016-08-17,286.800
2016-08-18,288.550
2016-08-19,288.200
2016-08-22,286.350
2016-08-23,286.990
2016-08-24,286.700
2016-08-25,284.900
2016-08-26,284.850
2016-08-29,283.500
2016-08-30,283.980
2016-08-31,283.160
2016-09-01,281.410
2016-09-02,282.560
2016-09-05,285.390
2016-09-06,286.300
2016-09-07,289.400
2016-09-08,289.200
2016-09-09,287.700
2016-09-12,286.380
2016-09-13,286.150
2016-09-14,284.950
2016-09-19,283.800
2016-09-20,283.500
2016-09-21,284.400
2016-09-22,286.850
2016-09-23,286.800
2016-09-26,287.100
2016-09-27,287.500
2016-09-28,284.960
2016-09-29,284.540
2016-09-30,284.950
2016-10-10,273.600
2016-10-11,273.350
2016-10-12,272.650
2016-10-13,273.500
2016-10-14,272.800
2016-10-17,273.020
2016-10-18,275.000
2016-10-19,274.630
2016-10-20,276.000
2016-10-21,275.600
2016-10-24,276.800
2016-10-25,277.340
2016-10-26,278.770
2016-10-27,277.690
2016-10-28,277.550
2016-10-31,278.950
2016-11-01,280.100
2016-11-02,282.600
2016-11-03,283.700
2016-11-04,282.800
2016-11-07,281.450
2016-11-08,280.700
2016-11-09,288.390
2016-11-10,282.600
2016-11-11,278.490
2016-11-14,271.990
2016-11-15,273.690
2016-11-16,273.200
2016-11-17,273.450
2016-11-18,270.750
2016-11-21,272.800
2016-11-22,272.360
2016-11-23,273.000
2016-11-24,270.400
2016-11-25,269.350
2016-11-28,270.700
2016-11-29,268.890
2016-11-30,268.000
2016-12-01,265.500
2016-12-02,265.350
2016-12-05,265.000
2016-12-06,264.700
2016-12-07,265.470
2016-12-08,268.500
2016-12-09,266.500
2016-12-12,265.000
2016-12-13,265.350
2016-12-14,265.930
2016-12-15,263.500
2016-12-16,262.300
2016-12-19,262.760
2016-12-20,262.100
2016-12-21,260.950
2016-12-22,260.000
2016-12-23,259.910
2016-12-26,261.400
2016-12-27,262.000
2016-12-28,261.920
2016-12-29,263.000
2016-12-30,264.000
2017-01-03,263.650
2017-01-04,264.750
2017-01-05,264.930
2017-01-06,265.300
2017-01-09,265.900
2017-01-10,268.110
2017-01-11,269.080
2017-01-12,269.350
2017-01-13,268.700
2017-01-16,270.540
2017-01-17,272.150
2017-01-18,271.030
2017-01-19,268.000
2017-01-20,269.050
2017-01-23,270.490
2017-01-24,269.850
2017-01-25,268.080
2017-01-26,266.250
2017-02-03,269.350
2017-02-06,271.800
2017-02-07,274.160
2017-02-08,274.350
2017-02-09,276.390
2017-02-10,272.900
2017-02-13,274.650
2017-02-14,274.060
2017-02-15,273.440
2017-02-16,274.900
2017-02-17,275.750
2017-02-20,275.550
2017-02-21,275.560
2017-02-22,275.580
2017-02-23,276.240
2017-02-24,279.600
2017-02-27,280.600
2017-02-28,281.900
2017-03-01,278.000
2017-03-02,278.350
2017-03-03,276.320
2017-03-06,276.540
2017-03-07,275.380
2017-03-08,273.780
2017-03-09,272.200
2017-03-10,270.500
2017-03-13,272.880
2017-03-14,271.300
2017-03-15,271.550
2017-03-16,275.900
2017-03-17,275.610
2017-03-20,277.050
2017-03-21,275.750
2017-03-22,278.200
2017-03-23,278.250
2017-03-24,277.880
2017-03-27,280.510
2017-03-28,280.230
2017-03-29,279.720
2017-03-30,279.550
2017-03-31,277.800
2017-04-05,280.600
2017-04-06,280.200
2017-04-07,282.650
2017-04-10,281.400
2017-04-11,281.900
2017-04-12,284.400
2017-04-13,286.780
2017-04-14,286.600
2017-04-17,286.950
2017-04-18,286.150
2017-04-19,285.720
2017-04-20,285.420
2017-04-21,285.400
2017-04-24,283.550
2017-04-25,283.300
2017-04-26,282.050
2017-04-27,282.600
2017-04-28,283.480
2017-05-02,280.860
2017-05-03,280.450
2017-05-04,276.120
2017-05-05,275.800
2017-05-08,275.700
2017-05-09,275.270
2017-05-10,273.900
2017-05-11,274.300
2017-05-12,275.500
2017-05-15,276.250
2017-05-16,276.700
2017-05-17,277.650
2017-05-18,279.900
2017-05-19,279.110
2017-05-22,280.010
2017-05-23,281.440
2017-05-24,278.520
2017-05-25,279.750
2017-05-26,280.350
2017-05-31,279.000
2017-06-01,279.000
2017-06-02,278.180
2017-06-05,281.980
2017-06-06,283.220
2017-06-07,283.680
2017-06-08,282.620
2017-06-09,279.730
2017-06-12,278.950
2017-06-13,278.380
2017-06-14,279.300
2017-06-15,277.540
2017-06-16,276.900
2017-06-19,276.200
2017-06-20,276.200
2017-06-21,275.850
2017-06-22,277.450
2017-06-23,277.780
2017-06-26,277.900
2017-06-27,276.500
2017-06-28,275.990
2017-06-29,275.100
2017-06-30,273.100
2017-07-03,271.850
2017-07-04,270.350
2017-07-05,270.280
2017-07-06,270.180
2017-07-07,269.800
2017-07-10,265.780
2017-07-11,267.600
2017-07-12,268.900
2017-07-13,269.100
2017-07-14,267.800
2017-07-17,270.450
2017-07-18,271.090
2017-07-19,271.350
2017-07-20,271.280
2017-07-21,273.180
2017-07-24,273.800
2017-07-25,273.800
2017-07-26,272.300
2017-07-27,274.600
2017-07-28,274.200
2017-07-31,275.090
2017-08-01,275.230
2017-08-02,274.800
2017-08-03,273.490
2017-08-04,275.200
2017-08-07,273.380
2017-08-08,273.140
2017-08-09,274.150
2017-08-10,275.480
2017-08-11,276.750
2017-08-14,276.600
2017-08-15,274.700
2017-08-16,274.670
2017-08-17,277.000
2017-08-18,278.500
2017-08-21,277.510
2017-08-22,276.550
2017-08-23,277.000
2017-08-24,277.080
2017-08-25,276.800
2017-08-28,278.210
2017-08-29,281.170
2017-08-30,278.000
2017-08-31,277.910
2017-09-01,279.540
2017-09-04,282.040
2017-09-05,281.200
2017-09-06,282.440
2017-09-07,281.390
2017-09-08,281.750
2017-09-11,281.490
2017-09-12,279.850
2017-09-13,280.670
2017-09-14,279.950
2017-09-15,280.200
2017-09-18,278.930
2017-09-19,278.650
2017-09-20,278.890
2017-09-21,276.450
2017-09-22,277.300
2017-09-25,276.550
2017-09-26,280.100
2017-09-27,277.650
2017-09-28,276.670
2017-09-29,277.450
2017-10-09,276.300
2017-10-10,276.210
2017-10-11,275.100
2017-10-12,276.250
2017-10-13,276.500
2017-10-16,278.050
2017-10-17,276.620
2017-10-18,275.700
2017-10-19,274.900
2017-10-20,274.820
2017-10-23,274.080
2017-10-24,275.010
2017-10-25,273.890
2017-10-26,274.500
2017-10-27,272.930
2017-10-30,272.920
2017-10-31,273.940
2017-11-01,273.450
2017-11-02,273.340
2017-11-03,273.600
2017-11-06,273.000
2017-11-07,274.340
2017-11-08,274.570
2017-11-09,275.370
2017-11-10,275.940
2017-11-13,274.990
2017-11-14,274.490
2017-11-15,275.050
2017-11-16,274.000
2017-11-17,274.850
2017-11-20,276.300
2017-11-21,274.890
2017-11-22,274.740
2017-11-23,275.200
2017-11-24,275.250
2017-11-27,275.340
2017-11-28,275.700
2017-11-29,276.200
2017-11-30,274.390
2017-12-01,272.830
2017-12-04,272.650
2017-12-05,272.870
2017-12-06,271.430
2017-12-07,269.280
2017-12-08,267.790
2017-12-11,268.280
2017-12-12,267.500
2017-12-13,267.790
2017-12-14,270.000
2017-12-15,269.570
2017-12-18,269.900
2017-12-19,271.250
2017-12-20,270.680
2017-12-21,270.150
2017-12-22,270.540
2017-12-25,271.550
2017-12-26,271.920
2017-12-27,272.750
2017-12-28,273.510
2017-12-29,273.000
2018-01-02,275.300
2018-01-03,276.000
2018-01-04,275.110
2018-01-05,276.250
2018-01-08,276.600
2018-01-09,277.190
2018-01-10,276.650
2018-01-11,277.800
2018-01-12,278.380
2018-01-15,279.540
2018-01-16,278.800
2018-01-17,277.650
2018-01-18,276.150
2018-01-19,275.600
2018-01-22,275.950
2018-01-23,277.140
2018-01-24,277.840
2018-01-25,278.870
2018-01-26,277.500
2018-01-29,275.980
2018-01-30,274.000
2018-01-31,274.050
2018-02-01,273.400
2018-02-02,273.750
2018-02-05,271.490
2018-02-06,273.240
2018-02-07,269.790
2018-02-08,269.300
2018-02-09,269.550
2018-02-12,270.100
2018-02-13,271.260
2018-02-14,273.210
2018-02-22,271.350
2018-02-23,271.950
2018-02-26,273.600
2018-02-27,272.360
2018-02-28,270.300
2018-03-01,269.780
2018-03-02,270.900
2018-03-05,272.090
2018-03-06,271.150
2018-03-07,272.300
2018-03-08,272.210
2018-03-09,270.600
2018-03-12,270.800
2018-03-13,270.700
2018-03-14,271.120
2018-03-15,270.970
2018-03-16,270.210
2018-03-19,268.600
2018-03-20,269.510
2018-03-21,269.740
2018-03-22,272.100
2018-03-23,274.970
2018-03-26,274.180
2018-03-27,274.100
2018-03-28,272.530
2018-03-29,269.890
2018-03-30,270.560
2018-04-02,270.840
2018-04-03,272.390
2018-04-04,272.200
2018-04-09,271.500
2018-04-10,271.970
2018-04-11,272.900
2018-04-12,274.080
2018-04-13,272.100
2018-04-16,272.890
2018-04-17,273.500
2018-04-18,273.040
2018-04-19,274.090
2018-04-20,272.880
2018-04-23,271.450
2018-04-24,271.090
2018-04-25,270.510
2018-04-26,271.270
2018-04-27,270.300
2018-05-02,269.840
2018-05-03,269.400
2018-05-04,269.700
2018-05-07,269.990
2018-05-08,270.350
2018-05-09,269.610
2018-05-10,270.100
2018-05-11,270.790
2018-05-14,270.520
2018-05-15,269.470
2018-05-16,267.100
2018-05-17,265.490
2018-05-18,265.800
2018-05-21,265.320
2018-05-22,266.010
2018-05-23,266.490
2018-05-24,267.650
2018-05-25,268.870
2018-05-28,267.800
2018-05-29,268.400
2018-05-30,268.850
2018-05-31,269.540
2018-06-01,269.090
2018-06-04,267.940
2018-06-05,267.500
2018-06-06,267.870
2018-06-07,268.090
2018-06-08,268.130
2018-06-11,268.260
2018-06-12,268.110
2018-06-13,267.860
2018-06-14,268.930
2018-06-15,268.670
2018-06-19,267.820
2018-06-20,266.300
2018-06-21,265.750
2018-06-22,266.680
2018-06-25,267.160
2018-06-26,267.200
2018-06-27,267.450
2018-06-28,267.000
2018-06-29,267.380
2018-07-02,267.800
2018-07-03,267.840
2018-07-04,268.400
2018-07-05,268.290
2018-07-06,269.210
2018-07-09,269.100
2018-07-10,268.250
2018-07-11,269.000
2018-07-12,267.990
2018-07-13,267.800
2018-07-16,268.150
2018-07-17,267.870
2018-07-18,265.470
2018-07-19,266.290
2018-07-20,267.480
2018-07-23,268.400
2018-07-24,268.430
2018-07-25,268.000
2018-07-26,268.580
2018-07-27,268.250
2018-07-30,268.290
2018-07-31,268.650
2018-08-01,268.240
2018-08-02,267.930
2018-08-03,267.810
2018-08-06,267.600
2018-08-07,267.610
2018-08-08,267.200
2018-08-09,267.140
2018-08-10,267.240
2018-08-13,267.720
2018-08-14,265.510
2018-08-15,264.970
2018-08-16,262.390
2018-08-17,261.590
2018-08-20,263.180
2018-08-21,264.510
2018-08-22,264.100
2018-08-23,264.260
2018-08-24,264.600
2018-08-27,265.300
2018-08-28,266.340
2018-08-29,265.690
2018-08-30,266.000
2018-08-31,266.470
2018-09-03,265.000
2018-09-04,264.140
2018-09-05,263.910
2018-09-06,264.800
2018-09-07,265.220
2018-09-10,265.190
2018-09-11,265.380
2018-09-12,265.200
2018-09-13,266.150
2018-09-14,266.720
2018-09-17,265.690
2018-09-18,265.790
2018-09-19,266.690
2018-09-20,266.540
2018-09-21,267.700
2018-09-25,266.530
2018-09-26,267.100
2018-09-27,266.300
2018-09-28,264.060
2018-10-08,266.980
2018-10-09,266.720
2018-10-10,266.460
2018-10-11,268.280
2018-10-12,271.100
2018-10-15,274.450
2018-10-16,274.250
2018-10-17,273.740
2018-10-18,273.650
2018-10-19,274.200
2018-10-22,274.700
2018-10-23,276.320
2018-10-24,276.210
2018-10-25,276.500
2018-10-26,277.480
2018-10-29,277.200
2018-10-30,275.800
2018-10-31,273.800
2018-11-01,274.850
2018-11-02,274.340
2018-11-05,275.520
2018-11-06,274.860
2018-11-07,275.220
2018-11-08,273.860
2018-11-09,273.480
2018-11-12,271.250
2018-11-13,270.600
2018-11-14,270.130
2018-11-15,272.090
2018-11-16,272.690
2018-11-19,273.710
2018-11-20,274.420
2018-11-21,274.380
2018-11-22,274.650
2018-11-23,274.610
2018-11-26,275.000
2018-11-27,274.190
2018-11-28,272.900
2018-11-29,274.600
2018-11-30,274.650
2018-12-03,274.270
2018-12-04,274.060
2018-12-05,274.280
2018-12-06,275.300
2018-12-07,275.800
2018-12-10,278.830
2018-12-11,278.090
2018-12-12,277.450
2018-12-13,278.260
2018-12-14,277.480
2018-12-17,276.800
2018-12-18,278.590
2018-12-19,278.890
2018-12-20,278.990
2018-12-21,280.960
2018-12-24,281.760
2018-12-25,283.400
2018-12-26,284.210
2018-12-27,282.870
2018-12-28,284.600
2019-01-02,285.800
2019-01-03,287.310
2019-01-04,287.490
2019-01-07,286.180
2019-01-08,284.700
2019-01-09,283.880
2019-01-10,283.840
2019-01-11,283.200
2019-01-14,283.500
2019-01-15,282.300
2019-01-16,282.970
2019-01-17,283.100
2019-01-18,283.280
2019-01-21,282.180
2019-01-22,282.820
2019-01-23,282.340
2019-01-24,282.600
2019-01-25,282.390
2019-01-28,284.450
2019-01-29,285.920
2019-01-30,286.720
2019-01-31,286.700
2019-02-01,287.420
2019-02-11,287.430
2019-02-12,287.800
2019-02-13,287.070
2019-02-14,286.500
2019-02-15,288.410
2019-02-18,289.980
2019-02-19,290.670
2019-02-20,292.330
2019-02-21,290.710
2019-02-22,288.910
2019-02-25,288.330
2019-02-26,288.000
2019-02-27,287.890
2019-02-28,286.020
2019-03-01,284.490
2019-03-04,280.710
2019-03-05,279.500
2019-03-06,281.250
2019-03-07,280.000
2019-03-08,282.540
2019-03-11,283.500
2019-03-12,282.800
2019-03-13,284.860
2019-03-14,284.140
2019-03-15,284.290
2019-03-18,284.280
2019-03-19,285.200
2019-03-20,284.590
2019-03-21,286.500
2019-03-22,286.500
2019-03-25,287.210
2019-03-26,287.650
2019-03-27,287.100
2019-03-28,286.490
2019-03-29,281.000
2019-04-01,282.000
2019-04-02,281.510
2019-04-03,282.050
2019-04-04,282.710
2019-04-08,283.620
2019-04-09,283.800
2019-04-10,285.100
2019-04-11,285.150
2019-04-12,282.800
2019-04-15,281.450
2019-04-16,281.380
2019-04-17,279.700
2019-04-18,278.700
2019-04-19,279.610
2019-04-22,280.120
2019-04-23,279.160
2019-04-24,278.500
2019-04-25,280.100
2019-04-26,281.000
2019-04-29,280.490
2019-04-30,280.880
2019-05-06,282.060
2019-05-07,281.750
2019-05-08,282.650
2019-05-09,283.500
2019-05-10,283.320
2019-05-13,285.050
2019-05-14,288.700
2019-05-15,287.590
2019-05-16,288.710
2019-05-17,288.000
2019-05-20,287.190
2019-05-21,286.600
2019-05-22,286.370
2019-05-23,286.610
2019-05-24,288.540
2019-05-27,288.370
2019-05-28,288.500
2019-05-29,288.690
2019-05-30,287.100
2019-05-31,290.800
2019-06-03,294.510
2019-06-04,297.590
2019-06-05,298.980
2019-06-06,299.320
2019-06-10,298.770
2019-06-11,297.000
2019-06-12,299.610
2019-06-13,300.410
2019-06-14,305.040
2019-06-17,301.350
2019-06-18,303.600
2019-06-19,302.210
2019-06-20,308.580
2019-06-21,311.000
2019-06-24,313.260
2019-06-25,319.910
2019-06-26,314.440
2019-06-27,313.890
2019-06-28,314.430
2019-07-01,307.600
2019-07-02,309.770
2019-07-03,318.000
2019-07-04,315.010
2019-07-05,315.710
2019-07-08,314.070
2019-07-09,311.490
2019-07-10,311.140
2019-07-11,316.500
2019-07-12,314.600
2019-07-15,315.000
2019-07-16,315.380
2019-07-17,313.750
2019-07-18,316.550
2019-07-19,320.450
2019-07-22,318.450
2019-07-23,316.450
2019-07-24,317.550
2019-07-25,317.600
2019-07-26,316.850
2019-07-29,317.150
2019-07-30,318.490
2019-07-31,319.800
2019-08-01,315.500
2019-08-02,322.700
2019-08-05,331.900
2019-08-06,333.070
2019-08-07,340.300
2019-08-08,343.400
2019-08-09,343.450
2019-08-12,341.500
2019-08-13,350.020
2019-08-14,341.800
2019-08-15,345.180
2019-08-16,346.000
2019-08-19,344.300
2019-08-20,343.500
2019-08-21,342.500
2019-08-22,343.800
2019-08-23,343.000
2019-08-26,355.090
2019-08-27,355.720
2019-08-28,357.200
2019-08-29,358.900
2019-08-30,354.090
2019-09-02,352.990
2019-09-03,355.200
2019-09-04,356.890
2019-09-05,358.030
2019-09-06,348.740
2019-09-09,348.200
2019-09-10,343.380
2019-09-11,344.090
2019-09-12,344.800
2019-09-16,344.400
2019-09-17,343.700
2019-09-18,344.840
2019-09-19,343.520
2019-09-20,345.140
2019-09-23,348.690
2019-09-24,349.870
2019-09-25,352.150
2019-09-26,347.200
2019-09-27,345.250
2019-09-30,344.490
2019-10-08,344.000
2019-10-09,348.390
2019-10-10,346.410
2019-10-11,344.560
2019-10-14,339.840
2019-10-15,341.110
2019-10-16,340.140
2019-10-17,341.470
2019-10-18,340.360
2019-10-21,340.770
2019-10-22,340.160
2019-10-23,340.580
2019-10-24,339.940
2019-10-25,343.800
2019-10-28,343.640
2019-10-29,340.680
2019-10-30,339.800
2019-10-31,340.300
2019-11-01,343.270
2019-11-04,342.520
2019-11-05,340.990
2019-11-06,336.050
2019-11-07,335.840
2019-11-08,331.400
2019-11-11,330.930
2019-11-12,327.820
2019-11-13,330.900
2019-11-14,331.980
2019-11-15,331.120
2019-11-18,330.790
2019-11-19,332.450
2019-11-20,333.600
2019-11-21,333.430
2019-11-22,333.900
2019-11-25,330.890
2019-11-26,330.890
2019-11-27,331.500
2019-11-28,330.600
2019-11-29,331.690
2019-12-02,331.310
2019-12-03,333.000
2019-12-04,339.220
2019-12-05,336.490
2019-12-06,334.600
2019-12-09,332.310
2019-12-10,333.430
2019-12-11,332.680
2019-12-12,334.690
2019-12-13,331.750
2019-12-16,334.160
2019-12-17,333.710
2019-12-18,334.250
2019-12-19,333.520
2019-12-20,334.890
2019-12-23,336.080
2019-12-24,336.960
2019-12-25,338.590
2019-12-26,339.840
2019-12-27,340.470
2019-12-30,340.430
2019-12-31,340.800
2020-01-02,341.910
2020-01-03,347.300
2020-01-06,354.550
2020-01-07,351.350
2020-01-08,356.610
2020-01-09,345.840
2020-01-10,346.790
2020-01-13,345.700
2020-01-14,342.960
2020-01-15,344.970
2020-01-16,345.450
2020-01-17,344.750
2020-01-20,345.200
2020-01-21,348.200
2020-01-22,345.860
2020-01-23,347.880
2020-02-03,356.110
2020-02-04,354.060
2020-02-05,351.700
2020-02-06,349.390
2020-02-07,351.810
2020-02-10,353.000
2020-02-11,352.430
2020-02-12,350.890
2020-02-13,353.460
2020-02-14,353.790
2020-02-17,355.290
2020-02-18,357.230
2020-02-19,361.110
2020-02-20,362.290
2020-02-21,369.780
2020-02-24,376.900
2020-02-25,369.530
2020-02-26,371.760
2020-02-27,371.300
2020-02-28,365.360
2020-03-02,359.040
2020-03-03,358.640
2020-03-04,365.000
2020-03-05,366.490
2020-03-06,372.400
2020-03-09,373.460
2020-03-10,367.010
2020-03-11,370.000
2020-03-12,366.490
2020-03-13,356.020
2020-03-16,345.000
2020-03-17,331.070
2020-03-18,338.390
2020-03-19,336.150
2020-03-20,340.000
2020-03-23,339.200
2020-03-24,356.710
2020-03-25,362.980
2020-03-26,362.000
2020-03-27,365.450
2020-03-30,363.990
2020-03-31,364.270
2020-04-01,360.000
2020-04-02,360.530
2020-04-03,362.500
2020-04-07,371.000
2020-04-08,370.120
2020-04-09,370.300
2020-04-10,372.100
2020-04-13,371.950
2020-04-14,377.000
2020-04-15,374.010
2020-04-16,378.300
2020-04-17,369.920
2020-04-20,370.290
2020-04-21,374.640
2020-04-22,373.500
2020-04-23,378.800
2020-04-24,381.140
2020-04-27,380.450
2020-04-28,377.040
2020-04-29,378.100
2020-04-30,380.940
2020-05-06,380.300
2020-05-07,379.880
2020-05-08,383.500
2020-05-11,381.260
2020-05-12,380.990
2020-05-13,381.100
2020-05-14,383.490
2020-05-15,388.810
2020-05-18,398.210
2020-05-19,392.390
2020-05-20,396.730
2020-05-21,391.990
2020-05-22,392.000
2020-05-25,391.330
2020-05-26,393.160
2020-05-27,390.000
2020-05-28,392.410
2020-05-29,391.930
2020-06-01,395.990
2020-06-02,394.800
2020-06-03,391.200
2020-06-04,387.860
2020-06-05,387.840
2020-06-08,384.220
2020-06-09,384.610
2020-06-10,388.890
2020-06-11,391.900
2020-06-12,391.130
2020-06-15,388.530
2020-06-16,389.590
2020-06-17,390.500
2020-06-18,389.890
2020-06-19,390.670
2020-06-22,393.820
2020-06-23,394.500
2020-06-24,397.000
2020-06-29,397.150
2020-06-30,397.760
2020-07-01,400.820
2020-07-02,396.040
2020-07-03,397.550
2020-07-06,396.970
2020-07-07,397.460
2020-07-08,399.390
2020-07-09,401.990
2020-07-10,399.790
2020-07-13,401.180
2020-07-14,400.330
2020-07-15,400.390
2020-07-16,399.790
2020-07-17,397.440
2020-07-20,398.690
2020-07-21,401.660
2020-07-22,410.440
2020-07-23,412.650
2020-07-24,417.950
2020-07-27,426.850
2020-07-28,425.200
2020-07-29,427.070
2020-07-30,422.000
2020-07-31,428.970
2020-08-03,427.680
2020-08-04,428.090
2020-08-05,439.590
2020-08-06,442.990
2020-08-07,445.990
2020-08-10,441.900
2020-08-11,433.000
2020-08-12,407.000
2020-08-13,412.500
2020-08-14,416.540
2020-08-17,420.700
2020-08-18,430.000
2020-08-19,423.880
2020-08-20,415.600
2020-08-21,414.990
2020-08-24,415.710
2020-08-25,413.000
2020-08-26,412.580
2020-08-27,417.600
2020-08-28,418.180
2020-08-31,419.000
2020-09-01,423.980
2020-09-02,418.300
2020-09-03,414.500
2020-09-04,414.800
2020-09-07,413.220
2020-09-08,414.500
2020-09-09,414.780
2020-09-10,417.430
2020-09-11,416.290
2020-09-14,415.500
2020-09-15,417.030
2020-09-16,416.460
2020-09-17,413.700
2020-09-18,415.480
2020-09-21,415.270
2020-09-22,405.580
2020-09-23,400.670
2020-09-24,395.290
2020-09-25,400.000
2020-09-28,399.210
2020-09-29,403.800
2020-09-30,402.970
2020-10-09,404.490
2020-10-12,408.790
2020-10-13,406.630
2020-10-14,402.850
2020-10-15,402.300
2020-10-16,404.000
2020-10-19,404.400
2020-10-20,401.000
2020-10-21,404.100
2020-10-22,404.010
2020-10-23,402.740
2020-10-26,400.900
2020-10-27,404.020
2020-10-28,404.600
2020-10-29,399.470
2020-10-30,397.210
2020-11-02,399.900
2020-11-03,401.560
2020-11-04,402.660
2020-11-05,402.370
2020-11-06,406.940
2020-11-09,406.200
2020-11-10,396.690
2020-11-11,396.000
2020-11-12,394.390
2020-11-13,395.930
2020-11-16,396.010
2020-11-17,395.800
2020-11-18,393.720
2020-11-19,391.500
2020-11-20,392.100
2020-11-23,391.650
2020-11-24,383.360
2020-11-25,378.450
2020-11-26,378.850
2020-11-27,377.500
2020-11-30,370.580
2020-12-01,372.990
2020-12-02,378.430
2020-12-03,382.980
2020-12-04,383.380
2020-12-07,382.520
2020-12-08,386.760
2020-12-09,384.750
2020-12-10,381.460
2020-12-11,381.460
2020-12-14,380.460
2020-12-15,383.800
2020-12-16,385.440
2020-12-17,388.700
2020-12-18,390.340
2020-12-21,395.960
2020-12-22,390.320
2020-12-23,390.120
2020-12-24,390.400
2020-12-25,392.210
2020-12-28,391.610
2020-12-29,390.660
2020-12-30,390.390
2020-12-31,390.000
2021-01-04,398.090
2021-01-05,401.000
2021-01-06,400.730
2021-01-07,398.490
2021-01-08,395.970
2021-01-11,385.000
2021-01-12,387.990
2021-01-13,386.500
2021-01-14,383.700
2021-01-15,385.410
2021-01-18,384.600
2021-01-19,384.970
2021-01-20,386.760
2021-01-21,389.460
2021-01-22,388.090
2021-01-25,386.000
2021-01-26,387.450
2021-01-27,385.390
2021-01-28,382.230
2021-01-29,384.500
2021-02-01,388.470
2021-02-02,384.830
2021-02-03,382.360
2021-02-04,379.500
2021-02-05,376.230
2021-02-08,378.590
2021-02-09,382.740
2021-02-10,383.000
2021-02-18,372.060
2021-02-19,370.670
2021-02-22,374.500
2021-02-23,377.990
2021-02-24,377.280
2021-02-25,373.040
2021-02-26,368.260
2021-03-01,367.370
2021-03-02,360.420
2021-03-03,362.080
2021-03-04,359.000
2021-03-05,355.700
2021-03-08,358.950
2021-03-09,357.750
2021-03-10,361.070
2021-03-11,364.910
2021-03-12,359.620
2021-03-15,362.880
2021-03-16,363.260
2021-03-17,364.700
2021-03-18,366.790
2021-03-19,366.640
2021-03-22,364.400
2021-03-23,366.200
2021-03-24,364.590
2021-03-25,365.680
2021-03-26,365.100
2021-03-29,365.400
2021-03-30,360.660
2021-03-31,356.790
2021-04-01,364.490
2021-04-02,368.040
2021-04-06,366.390
2021-04-07,368.140
2021-04-08,369.200
2021-04-09,370.150
2021-04-12,368.620
2021-04-13,365.590
2021-04-14,368.600
2021-04-15,368.520
2021-04-16,371.800
2021-04-19,374.700
2021-04-20,371.440
2021-04-21,374.650
2021-04-22,375.200
2021-04-23,373.810
2021-04-26,372.830
2021-04-27,372.970
2021-04-28,370.000
2021-04-29,372.440
2021-04-30,370.970
2021-05-06,375.350
2021-05-07,379.820
2021-05-10,380.700
2021-05-11,380.700
2021-05-12,381.290
2021-05-13,379.410
2021-05-14,381.130
2021-05-17,385.570
2021-05-18,388.200
2021-05-19,388.830
2021-05-20,389.140
2021-05-21,389.400
2021-05-24,390.800
2021-05-25,389.680
2021-05-26,393.200
2021-05-27,390.500
2021-05-28,388.820
2021-05-31,391.100
2021-06-01,393.500
2021-06-02,387.970
2021-06-03,385.440
2021-06-04,382.510
2021-06-07,384.290
2021-06-08,385.300
2021-06-09,386.000
2021-06-10,384.730
2021-06-11,388.010
2021-06-15,381.990
2021-06-16,381.090
2021-06-17,374.000
2021-06-18,371.000
2021-06-21,370.580
2021-06-22,371.560
2021-06-23,371.930
2021-06-24,370.350
2021-06-25,370.740
2021-06-28,371.160
2021-06-29,369.290
2021-06-30,365.820
2021-07-01,370.260
2021-07-02,371.090
2021-07-05,372.500
2021-07-06,375.990
2021-07-07,375.390
2021-07-08,376.000
2021-07-09,376.690
2021-07-12,375.620
2021-07-13,376.870
2021-07-14,377.710
2021-07-15,380.500
2021-07-16,379.240
2021-07-19,376.500
2021-07-20,378.480
2021-07-21,377.030
2021-07-22,375.010
2021-07-23,376.370
2021-07-26,377.680
2021-07-27,376.490
2021-07-28,377.940
2021-07-29,378.780
2021-07-30,380.900
2021-08-02,376.250
2021-08-03,376.910
2021-08-04,377.460
2021-08-05,376.750
2021-08-06,374.730
2021-08-09,365.440
2021-08-10,363.500
2021-08-11,362.370
2021-08-12,366.800
2021-08-13,367.690
2021-08-16,371.140
2021-08-17,374.700
2021-08-18,374.200
2021-08-19,372.870
2021-08-20,374.390
2021-08-23,373.660
2021-08-24,376.440
2021-08-25,374.400
2021-08-26,373.270
2021-08-27,376.390
2021-08-30,377.500
2021-08-31,377.550
2021-09-01,377.380
2021-09-02,377.290
2021-09-03,376.950
2021-09-06,379.430
2021-09-07,378.500
2021-09-08,374.850
2021-09-09,373.170
2021-09-10,374.090
2021-09-13,372.950
2021-09-14,373.000
2021-09-15,374.100
2021-09-16,371.090
2021-09-17,367.730
2021-09-22,372.230
2021-09-23,368.540
2021-09-24,366.690
2021-09-27,367.740
2021-09-28,364.620
2021-09-29,363.640
2021-09-30,362.140
2021-10-08,365.900
2021-10-11,365.150
2021-10-12,367.370
2021-10-13,367.160
2021-10-14,371.990
2021-10-15,371.090
2021-10-18,366.360
2021-10-19,367.870
2021-10-20,366.640
2021-10-21,368.200
2021-10-22,369.890
2021-10-25,369.500
2021-10-26,370.450
2021-10-27,367.490
2021-10-28,371.670
2021-10-29,370.190
2021-11-01,368.580
2021-11-02,370.230
2021-11-03,367.350
2021-11-04,366.400
2021-11-05,370.890
2021-11-08,374.610
2021-11-09,375.890
2021-11-10,375.670
2021-11-11,382.200
2021-11-12,382.150
2021-11-15,380.680
2021-11-16,382.390
2021-11-17,381.700
2021-11-18,382.500
2021-11-19,382.680
2021-11-22,378.510
2021-11-23,372.480
2021-11-24,369.890
2021-11-25,369.780
2021-11-26,372.180
2021-11-29,369.440
2021-11-30,368.510
2021-12-01,367.320
2021-12-02,365.550
2021-12-03,365.160
2021-12-06,367.990
2021-12-07,367.470
2021-12-08,367.730
2021-12-09,366.670
2021-12-10,365.850
2021-12-13,367.520
2021-12-14,367.630
2021-12-15,363.940
2021-12-16,367.350
2021-12-17,371.990
2021-12-20,371.000
2021-12-21,368.900
2021-12-22,367.800
2021-12-23,371.820
2021-12-24,372.690
2021-12-27,372.270
2021-12-28,373.550
2021-12-29,371.610
2021-12-30,369.790
2021-12-31,373.850
2022-01-04,371.300
2022-01-05,372.840
2022-01-06,370.840
2022-01-07,368.370
2022-01-10,368.870
2022-01-11,372.060
2022-01-12,373.310
2022-01-13,374.290
2022-01-14,374.180
2022-01-17,372.890
2022-01-18,371.640
2022-01-19,371.800
2022-01-20,376.390
2022-01-21,376.640
2022-01-24,375.720
2022-01-25,376.340
2022-01-26,376.670
2022-01-27,370.280
2022-01-28,369.040
2022-02-07,371.350
2022-02-08,373.110
2022-02-09,374.870
2022-02-10,375.700
2022-02-11,373.840
2022-02-14,379.900
2022-02-15,384.040
2022-02-16,378.940
2022-02-17,382.290
2022-02-18,385.470
2022-02-21,385.280
2022-02-22,390.440
2022-02-23,386.410
2022-02-24,395.140
2022-02-25,389.610
2022-02-28,386.700
2022-03-01,387.900
2022-03-02,394.670
2022-03-03,391.950
2022-03-04,393.990
2022-03-07,401.500
2022-03-08,409.960
2022-03-09,415.110
2022-03-10,402.100
2022-03-11,403.600
2022-03-14,400.690
2022-03-15,393.700
2022-03-16,391.310
2022-03-17,394.090
2022-03-18,395.640
2022-03-21,393.660
2022-03-22,396.250
2022-03-23,393.810
2022-03-24,398.000
2022-03-25,400.000
2022-03-28,396.500
2022-03-29,394.000
2022-03-30,393.840
2022-03-31,394.140
2022-04-01,395.200
2022-04-06,393.200
2022-04-07,394.300
2022-04-08,395.120
2022-04-11,398.390
2022-04-12,400.280
2022-04-13,401.910
2022-04-14,403.410
2022-04-15,404.480
2022-04-18,406.820
2022-04-19,404.810
2022-04-20,399.860
2022-04-21,403.700
2022-04-22,405.740
2022-04-25,403.980
2022-04-26,400.170
2022-04-27,400.640
2022-04-28,399.950
2022-04-29,405.200
2022-05-05,402.690
2022-05-06,403.000
2022-05-09,403.800
2022-05-10,402.360
2022-05-11,400.350
2022-05-12,402.690
2022-05-13,398.950
2022-05-16,396.260
2022-05-17,397.180
2022-05-18,394.780
2022-05-19,394.860
2022-05-20,396.610
2022-05-23,398.230
2022-05-24,399.310
2022-05-25,399.360
2022-05-26,400.870
2022-05-27,402.500
2022-05-30,399.090
2022-05-31,398.350
2022-06-01,395.620
2022-06-02,398.220
2022-06-06,397.000
2022-06-07,396.310
2022-06-08,397.000
2022-06-09,398.290
2022-06-10,397.190
2022-06-13,403.020
2022-06-14,396.480
2022-06-15,394.340
2022-06-16,395.200
2022-06-17,398.090
2022-06-20,396.690
2022-06-21,395.460
2022-06-22,395.910
2022-06-23,396.080
2022-06-24,393.850
2022-06-27,396.110
2022-06-28,393.870
2022-06-29,392.680
2022-06-30,391.700
2022-07-01,388.420
2022-07-04,390.590
2022-07-05,390.010
2022-07-06,382.640
2022-07-07,377.290
2022-07-08,376.190
2022-07-11,376.500
2022-07-12,377.270
2022-07-13,374.700
2022-07-14,374.290
2022-07-15,371.890
2022-07-18,374.000
2022-07-19,372.430
2022-07-20,372.400
2022-07-21,369.570
2022-07-22,375.680
2022-07-25,377.080
2022-07-26,377.180
2022-07-27,376.070
2022-07-28,379.500
2022-07-29,383.960
2022-08-01,385.130
2022-08-02,387.160
2022-08-03,385.580
2022-08-04,387.050
2022-08-05,390.190
2022-08-08,388.020
2022-08-09,389.320
2022-08-10,390.270
2022-08-11,388.700
2022-08-12,390.170
2022-08-15,390.640
2022-08-16,390.270
2022-08-17,388.720
2022-08-18,387.200
2022-08-19,386.130
2022-08-22,385.070
2022-08-23,387.330
2022-08-24,388.880
2022-08-25,390.040
2022-08-26,390.470
2022-08-29,387.500
2022-08-30,388.900
2022-08-31,386.830
2022-09-01,384.260
2022-09-02,384.340
2022-09-05,387.140
2022-09-06,388.750
2022-09-07,387.390
2022-09-08,389.730
2022-09-09,390.130
2022-09-13,389.370
2022-09-14,386.660
2022-09-15,385.360
2022-09-16,384.640
2022-09-19,384.300
2022-09-20,385.580
2022-09-21,386.760
2022-09-22,385.710
2022-09-23,387.960
2022-09-26,385.840
2022-09-27,386.000
2022-09-28,385.830
2022-09-29,389.000
2022-09-30,390.000
2022-10-10,392.490
2022-10-11,392.010
2022-10-12,392.570
2022-10-13,392.830
2022-10-14,392.450
2022-10-17,390.970
2022-10-18,390.800
2022-10-19,390.010
2022-10-20,388.600
2022-10-21,388.930
2022-10-24,393.320
2022-10-25,393.680
2022-10-26,393.960
2022-10-27,393.180
2022-10-28,392.550
2022-10-31,391.760
2022-11-01,391.990
2022-11-02,392.600
2022-11-03,391.980
2022-11-04,392.700
2022-11-07,394.500
2022-11-08,395.180
2022-11-09,403.560
2022-11-10,402.530
2022-11-11,407.190
2022-11-14,402.470
2022-11-15,404.990
2022-11-16,406.770
2022-11-17,407.310
2022-11-18,406.600
2022-11-21,404.710
2022-11-22,404.930
2022-11-23,404.350
2022-11-24,405.900
2022-11-25,406.300
2022-11-28,406.870
2022-11-29,406.680
2022-11-30,405.760
2022-12-01,407.480
2022-12-02,410.000
2022-12-05,406.170
2022-12-06,403.560
2022-12-07,402.400
2022-12-08,403.410
2022-12-09,404.720
2022-12-12,403.690
2022-12-13,405.000
2022-12-14,409.000
2022-12-15,404.380
2022-12-16,403.690
2022-12-19,405.790
2022-12-20,405.780
2022-12-21,409.980
2022-12-22,409.940
2022-12-23,409.030
2022-12-26,407.530
2022-12-27,407.980
2022-12-28,408.990
2022-12-29,407.190
2022-12-30,410.490
2023-01-03,412.260
2023-01-04,413.840
2023-01-05,412.730
2023-01-06,409.350
2023-01-09,413.420
2023-01-10,414.130
2023-01-11,415.000
2023-01-12,414.370
2023-01-13,414.430
2023-01-16,417.210
2023-01-17,418.190
2023-01-18,418.230
2023-01-19,419.210
2023-01-20,422.450
2023-01-30,422.670
2023-01-31,418.330
2023-02-01,421.670
2023-02-02,425.850
2023-02-03,419.520
2023-02-06,414.040
2023-02-07,413.000
2023-02-08,413.450
2023-02-09,414.540
2023-02-10,412.650
2023-02-13,413.830
2023-02-14,413.080
2023-02-15,412.400
2023-02-16,412.000
2023-02-17,411.350
2023-02-20,413.150
2023-02-21,411.800
2023-02-22,414.000
2023-02-23,412.780
2023-02-24,414.010
2023-02-27,413.040
2023-02-28,412.690
2023-03-01,414.750
2023-03-02,414.300
2023-03-03,416.210
2023-03-06,420.260
2023-03-07,419.760
2023-03-08,415.220
2023-03-09,415.460
2023-03-10,417.730
2023-03-13,421.450
2023-03-14,427.000
2023-03-15,426.560
2023-03-16,430.290
2023-03-17,432.420
2023-03-20,449.230
2023-03-21,441.360
2023-03-22,434.140
2023-03-23,438.200
2023-03-24,439.660
2023-03-27,437.220
2023-03-28,435.810
2023-03-29,437.010
2023-03-30,437.190
2023-03-31,440.740
2023-04-03,435.560
2023-04-04,439.510
2023-04-06,446.690
2023-04-07,445.900
2023-04-10,442.330
2023-04-11,444.190
2023-04-12,447.340
2023-04-13,447.860
2023-04-14,449.350
2023-04-17,445.440
2023-04-18,443.700
2023-04-19,443.520
2023-04-20,444.150
2023-04-21,442.440
2023-04-24,441.640
2023-04-25,445.440
2023-04-26,445.930
2023-04-27,446.720
2023-04-28,443.370
2023-05-04,452.790
2023-05-05,454.920
2023-05-08,450.300
2023-05-09,451.140
2023-05-10,452.600
2023-05-11,452.860
2023-05-12,450.410
2023-05-15,452.130
2023-05-16,450.960
2023-05-17,449.170
2023-05-18,448.500
2023-05-19,446.720
2023-05-22,448.430
2023-05-23,446.000
2023-05-24,448.870
2023-05-25,447.640
2023-05-26,445.280
2023-05-29,444.560
2023-05-30,443.770
2023-05-31,449.620
2023-06-01,449.230
2023-06-02,451.110
2023-06-05,446.310
2023-06-06,449.020
2023-06-07,449.290
2023-06-08,447.590
2023-06-09,450.880
2023-06-12,451.450
2023-06-13,453.210
2023-06-14,450.200
2023-06-15,446.320
2023-06-16,450.070
2023-06-19,450.330
2023-06-20,451.130
2023-06-21,449.970
2023-06-26,449.300
2023-06-27,449.250
2023-06-28,446.800
2023-06-29,447.090
2023-06-30,448.470
2023-07-03,449.500
2023-07-04,450.000
2023-07-05,450.740
2023-07-06,450.410
2023-07-07,449.920
2023-07-10,451.350
2023-07-11,450.290
2023-07-12,451.260
2023-07-13,454.900
2023-07-14,452.500
2023-07-17,454.150
2023-07-18,456.340
2023-07-19,462.170
2023-07-20,460.940
2023-07-21,458.330
2023-07-24,458.630
2023-07-25,455.580
2023-07-26,457.990
2023-07-27,458.850
2023-07-28,455.680
2023-07-31,455.350
2023-08-01,456.440
2023-08-02,456.810
2023-08-03,454.700
2023-08-04,454.020
2023-08-07,454.890
2023-08-08,454.840
2023-08-09,455.050
2023-08-10,453.620
2023-08-11,455.250
2023-08-14,455.950
2023-08-15,456.000
2023-08-16,456.790
2023-08-17,456.700
2023-08-18,456.100
2023-08-21,457.920
2023-08-22,457.820
2023-08-23,458.320
2023-08-24,459.700
2023-08-25,459.000
2023-08-28,459.140
2023-08-29,460.350
2023-08-30,461.960
2023-08-31,464.160
2023-09-01,463.790
2023-09-04,465.500
2023-09-05,465.850
2023-09-06,464.130
2023-09-07,464.380
2023-09-08,467.680
2023-09-11,468.090
2023-09-12,469.400
2023-09-13,470.210
2023-09-14,474.700
2023-09-15,469.600
2023-09-18,469.180
2023-09-19,471.260
2023-09-20,472.000
2023-09-21,472.830
2023-09-22,471.720
2023-09-25,475.730
2023-09-26,474.040
2023-09-27,462.680
2023-09-28,447.100
2023-10-09,438.000
2023-10-10,449.880
2023-10-11,450.420
2023-10-12,451.050
2023-10-13,453.990
2023-10-16,460.240
2023-10-17,462.610
2023-10-18,466.000
2023-10-19,468.950
2023-10-20,474.840
2023-10-23,472.470
2023-10-24,473.310
2023-10-25,471.000
2023-10-26,474.170
2023-10-27,475.800
2023-10-30,476.900
2023-10-31,476.860
2023-11-01,475.400
2023-11-02,476.320
2023-11-03,476.990
2023-11-06,474.630
2023-11-07,471.440
2023-11-08,470.500
2023-11-09,467.730
2023-11-10,469.460
2023-11-13,468.940
2023-11-14,470.780
2023-11-15,471.550
2023-11-16,470.880
2023-11-17,471.650
2023-11-20,466.350
2023-11-21,466.790
2023-11-22,465.690
2023-11-23,465.000
2023-11-24,465.020
2023-11-27,469.830
2023-11-28,471.310
2023-11-29,474.220
2023-11-30,474.040
2023-12-01,474.320
2023-12-04,480.450
2023-12-05,473.930
2023-12-06,473.700
2023-12-07,474.450
2023-12-08,474.100
2023-12-11,469.340
2023-12-12,467.760
2023-12-13,466.010
2023-12-14,475.030
2023-12-15,474.000
2023-12-18,473.820
2023-12-19,473.990
2023-12-20,476.600
2023-12-21,475.540
2023-12-22,478.660
2023-12-25,480.600
,
,
,
,
,
,
